{
	"credit": "Made with Blockbench",
	"texture_size": [40, 24],
	"textures": {
		"0": "custom/image",
		"1": "block_x/basalt_side",
		"2": "custom/towertexture",
		"3": "custom/image6",
		"particle": "custom/image"
	},
	"elements": [
		{
			"from": [-9.9712, 0, -2.8576],
			"to": [25.9712, 22.0896, -2.4832],
			"rotation": {"angle": 0, "axis": "y", "origin": [8, 10.4832, 8]},
			"faces": {
				"north": {"uv": [0, 0, 9.6, 9.83333], "texture": "#1"},
				"east": {"uv": [0, 0, 0.1, 9.83333], "texture": "#1"},
				"south": {"uv": [0.4488, 0.74, 15.9996, 15.99933], "texture": "#1"},
				"west": {"uv": [0, 0, 0.1, 9.83333], "texture": "#1"},
				"up": {"uv": [0, 0, 9.6, 0.16667], "texture": "#1"},
				"down": {"uv": [0, 0, 9.6, 0.16667], "texture": "#1"}
			}
		},
		{
			"from": [25.9712, 0, -2.8576],
			"to": [28.592, 1.4976, -2.4832],
			"rotation": {"angle": 0, "axis": "y", "origin": [8, 10.4832, 8]},
			"faces": {
				"north": {"uv": [0, 0, 0.7, 0.66667], "texture": "#1"},
				"east": {"uv": [0, 0, 0.1, 0.66667], "texture": "#1"},
				"south": {"uv": [0, 0, 0.7, 0.66667], "texture": "#1"},
				"west": {"uv": [0, 0, 0.1, 0.66667], "texture": "#1"},
				"up": {"uv": [0, 0, 0.7, 0.16667], "texture": "#1"},
				"down": {"uv": [0, 0, 0.7, 0.16667], "texture": "#1"}
			}
		},
		{
			"from": [-12.592, 0, -2.8576],
			"to": [-9.9712, 1.4976, -2.4832],
			"rotation": {"angle": 0, "axis": "y", "origin": [8, 10.4832, 8]},
			"faces": {
				"north": {"uv": [0, 0, 0.7, 0.66667], "texture": "#1"},
				"east": {"uv": [0, 0, 0.1, 0.66667], "texture": "#1"},
				"south": {"uv": [0, 0, 0.7, 0.66667], "texture": "#1"},
				"west": {"uv": [0, 0, 0.1, 0.66667], "texture": "#1"},
				"up": {"uv": [0, 0, 0.7, 0.16667], "texture": "#1"},
				"down": {"uv": [0, 0, 0.7, 0.16667], "texture": "#1"}
			}
		},
		{
			"from": [-12.592, 0, -2.8576],
			"to": [-9.9712, 1.4976, -2.4832],
			"rotation": {"angle": 0, "axis": "y", "origin": [8, 10.4832, 8]},
			"color": 7,
			"faces": {
				"north": {"uv": [0, 0, 0.7, 0.66667], "texture": "#missing"},
				"east": {"uv": [0, 0, 0.1, 0.66667], "texture": "#missing"},
				"south": {"uv": [0, 0, 0.7, 0.66667], "texture": "#missing"},
				"west": {"uv": [0, 0, 0.1, 0.66667], "texture": "#missing"},
				"up": {"uv": [0, 0, 0.7, 0.16667], "texture": "#missing"},
				"down": {"uv": [0, 0, 0.7, 0.16667], "texture": "#missing"}
			}
		},
		{
			"from": [25.9712, 1.4976, -2.8576],
			"to": [27.4688, 22.0896, -2.4832],
			"rotation": {"angle": 0, "axis": "y", "origin": [8, 10.4832, 8]},
			"faces": {
				"north": {"uv": [0, 0, 7.6, 15.83333], "texture": "#1"},
				"east": {"uv": [0, 0, 0.1, 9.16667], "texture": "#1"},
				"south": {"uv": [0, 0, 0.4, 9.16667], "texture": "#1"},
				"west": {"uv": [0, 0, 0.1, 9.16667], "texture": "#1"},
				"up": {"uv": [0, 0, 0.4, 0.16667], "texture": "#1"},
				"down": {"uv": [0, 0, 0.4, 0.16667], "texture": "#1"}
			}
		},
		{
			"from": [-11.4688, 1.4976, -2.8576],
			"to": [-9.9712, 22.0896, -2.4832],
			"rotation": {"angle": 0, "axis": "y", "origin": [8, 10.4832, 8]},
			"faces": {
				"north": {"uv": [0, 0, 7.6, 15.83333], "texture": "#1"},
				"east": {"uv": [0, 0, 0.1, 9.16667], "texture": "#1"},
				"south": {"uv": [0, 0, 0.4, 9.16667], "texture": "#1"},
				"west": {"uv": [0, 0, 0.1, 9.16667], "texture": "#1"},
				"up": {"uv": [0, 0, 0.4, 0.16667], "texture": "#1"},
				"down": {"uv": [0, 0, 0.4, 0.16667], "texture": "#1"}
			}
		},
		{
			"from": [27.4688, 1.1232, -2.8576],
			"to": [28.592, 22.0896, -2.4832],
			"rotation": {"angle": 0, "axis": "y", "origin": [8, 10.4832, 8]},
			"faces": {
				"north": {"uv": [0, 0, 0.3, 9.33333], "texture": "#1"},
				"east": {"uv": [0, 0, 0.1, 9.33333], "texture": "#1"},
				"south": {"uv": [0, 0, 0.3, 9.33333], "texture": "#1"},
				"west": {"uv": [0, 0, 0.1, 9.33333], "texture": "#1"},
				"up": {"uv": [0, 0, 0.3, 0.16667], "texture": "#1"},
				"down": {"uv": [0, 0, 0.3, 0.16667], "texture": "#1"}
			}
		},
		{
			"from": [-12.592, 1.4976, -2.8576],
			"to": [-11.4688, 22.0896, -2.4832],
			"rotation": {"angle": 0, "axis": "y", "origin": [8, 10.4832, 8]},
			"faces": {
				"north": {"uv": [0, 0, 0.3, 9.16667], "texture": "#1"},
				"east": {"uv": [0, 0, 0.1, 9.16667], "texture": "#1"},
				"south": {"uv": [0, 0, 0.3, 9.16667], "texture": "#1"},
				"west": {"uv": [0, 0, 0.1, 9.16667], "texture": "#1"},
				"up": {"uv": [0, 0, 0.3, 0.16667], "texture": "#1"},
				"down": {"uv": [0, 0, 0.3, 0.16667], "texture": "#1"}
			}
		},
		{
			"from": [28.592, 0.7488, -2.8576],
			"to": [29.3408, 22.0896, -2.4832],
			"rotation": {"angle": 0, "axis": "y", "origin": [8, 10.4832, 8]},
			"faces": {
				"north": {"uv": [0, 0, 0.2, 9.5], "texture": "#1"},
				"east": {"uv": [0, 0, 0.1, 9.5], "texture": "#1"},
				"south": {"uv": [0, 0, 0.2, 9.5], "texture": "#1"},
				"west": {"uv": [0, 0, 0.1, 9.5], "texture": "#1"},
				"up": {"uv": [0, 0, 0.2, 0.16667], "texture": "#1"},
				"down": {"uv": [0, 0, 0.2, 0.16667], "texture": "#1"}
			}
		},
		{
			"from": [-13.3408, 0.7488, -2.8576],
			"to": [-12.592, 22.0896, -2.4832],
			"rotation": {"angle": 0, "axis": "y", "origin": [8, 10.4832, 8]},
			"faces": {
				"north": {"uv": [0, 0, 0.2, 9.5], "texture": "#1"},
				"east": {"uv": [0, 0, 0.1, 9.5], "texture": "#1"},
				"south": {"uv": [0, 0, 0.2, 9.5], "texture": "#1"},
				"west": {"uv": [0, 0, 0.1, 9.5], "texture": "#1"},
				"up": {"uv": [0, 0, 0.2, 0.16667], "texture": "#1"},
				"down": {"uv": [0, 0, 0.2, 0.16667], "texture": "#1"}
			}
		},
		{
			"from": [31.2128, 3.744, -2.8576],
			"to": [31.9616, 22.0896, -2.4832],
			"rotation": {"angle": 0, "axis": "y", "origin": [8, 10.4832, 8]},
			"faces": {
				"north": {"uv": [0, 0, 0.2, 8.16667], "texture": "#1"},
				"east": {"uv": [0, 0, 0.1, 8.16667], "texture": "#1"},
				"south": {"uv": [0, 0, 0.2, 8.16667], "texture": "#1"},
				"west": {"uv": [0, 0, 0.1, 8.16667], "texture": "#1"},
				"up": {"uv": [0, 0, 0.2, 0.16667], "texture": "#1"},
				"down": {"uv": [0, 0, 0.2, 0.16667], "texture": "#1"}
			}
		},
		{
			"from": [-15.9616, 3.744, -2.8576],
			"to": [-15.2128, 22.0896, -2.4832],
			"rotation": {"angle": 0, "axis": "y", "origin": [8, 10.4832, 8]},
			"faces": {
				"north": {"uv": [0, 0, 0.2, 8.16667], "texture": "#1"},
				"east": {"uv": [0, 0, 0.1, 8.16667], "texture": "#1"},
				"south": {"uv": [0, 0, 0.2, 8.16667], "texture": "#1"},
				"west": {"uv": [0, 0, 0.1, 8.16667], "texture": "#1"},
				"up": {"uv": [0, 0, 0.2, 0.16667], "texture": "#1"},
				"down": {"uv": [0, 0, 0.2, 0.16667], "texture": "#1"}
			}
		},
		{
			"from": [29.3408, 1.4976, -2.8576],
			"to": [29.7152, 22.0896, -2.4832],
			"rotation": {"angle": 0, "axis": "y", "origin": [8, 10.4832, 8]},
			"faces": {
				"north": {"uv": [0, 0, 0.1, 9.16667], "texture": "#1"},
				"east": {"uv": [0, 0, 0.1, 9.16667], "texture": "#1"},
				"south": {"uv": [0, 0, 0.1, 9.16667], "texture": "#1"},
				"west": {"uv": [0, 0, 0.1, 9.16667], "texture": "#1"},
				"up": {"uv": [0, 0, 0.1, 0.16667], "texture": "#1"},
				"down": {"uv": [0, 0, 0.1, 0.16667], "texture": "#1"}
			}
		},
		{
			"from": [-13.7152, 1.4976, -2.8576],
			"to": [-13.3408, 22.0896, -2.4832],
			"rotation": {"angle": 0, "axis": "y", "origin": [8, 10.4832, 8]},
			"faces": {
				"north": {"uv": [0, 0, 0.1, 9.16667], "texture": "#1"},
				"east": {"uv": [0, 0, 0.1, 9.16667], "texture": "#1"},
				"south": {"uv": [0, 0, 0.1, 9.16667], "texture": "#1"},
				"west": {"uv": [0, 0, 0.1, 9.16667], "texture": "#1"},
				"up": {"uv": [0, 0, 0.1, 0.16667], "texture": "#1"},
				"down": {"uv": [0, 0, 0.1, 0.16667], "texture": "#1"}
			}
		},
		{
			"from": [29.7152, 2.2464, -2.8576],
			"to": [30.0896, 22.0896, -2.4832],
			"rotation": {"angle": 0, "axis": "y", "origin": [8, 10.4832, 8]},
			"faces": {
				"north": {"uv": [0, 0, 0.1, 8.83333], "texture": "#1"},
				"east": {"uv": [0, 0, 0.1, 8.83333], "texture": "#1"},
				"south": {"uv": [0, 0, 0.1, 8.83333], "texture": "#1"},
				"west": {"uv": [0, 0, 0.1, 8.83333], "texture": "#1"},
				"up": {"uv": [0, 0, 0.1, 0.16667], "texture": "#1"},
				"down": {"uv": [0, 0, 0.1, 0.16667], "texture": "#1"}
			}
		},
		{
			"from": [-14.0896, 2.2464, -2.8576],
			"to": [-13.7152, 22.0896, -2.4832],
			"rotation": {"angle": 0, "axis": "y", "origin": [8, 10.4832, 8]},
			"faces": {
				"north": {"uv": [0, 0, 0.1, 8.83333], "texture": "#1"},
				"east": {"uv": [0, 0, 0.1, 8.83333], "texture": "#1"},
				"south": {"uv": [0, 0, 0.1, 8.83333], "texture": "#1"},
				"west": {"uv": [0, 0, 0.1, 8.83333], "texture": "#1"},
				"up": {"uv": [0, 0, 0.1, 0.16667], "texture": "#1"},
				"down": {"uv": [0, 0, 0.1, 0.16667], "texture": "#1"}
			}
		},
		{
			"from": [30.0896, 2.6208, -2.8576],
			"to": [30.464, 22.0896, -2.4832],
			"rotation": {"angle": 0, "axis": "y", "origin": [8, 10.4832, 8]},
			"faces": {
				"north": {"uv": [0, 0, 0.1, 8.66667], "texture": "#1"},
				"east": {"uv": [0, 0, 0.1, 8.66667], "texture": "#1"},
				"south": {"uv": [0, 0, 0.1, 8.66667], "texture": "#1"},
				"west": {"uv": [0, 0, 0.1, 8.66667], "texture": "#1"},
				"up": {"uv": [0, 0, 0.1, 0.16667], "texture": "#1"},
				"down": {"uv": [0, 0, 0.1, 0.16667], "texture": "#1"}
			}
		},
		{
			"from": [-14.464, 2.6208, -2.8576],
			"to": [-14.0896, 22.0896, -2.4832],
			"rotation": {"angle": 0, "axis": "y", "origin": [8, 10.4832, 8]},
			"faces": {
				"north": {"uv": [0, 0, 0.1, 8.66667], "texture": "#1"},
				"east": {"uv": [0, 0, 0.1, 8.66667], "texture": "#1"},
				"south": {"uv": [0, 0, 0.1, 8.66667], "texture": "#1"},
				"west": {"uv": [0, 0, 0.1, 8.66667], "texture": "#1"},
				"up": {"uv": [0, 0, 0.1, 0.16667], "texture": "#1"},
				"down": {"uv": [0, 0, 0.1, 0.16667], "texture": "#1"}
			}
		},
		{
			"from": [30.464, 2.9952, -2.8576],
			"to": [30.8384, 22.0896, -2.4832],
			"rotation": {"angle": 0, "axis": "y", "origin": [8, 10.4832, 8]},
			"faces": {
				"north": {"uv": [0, 0, 0.1, 8.5], "texture": "#1"},
				"east": {"uv": [0, 0, 0.1, 8.5], "texture": "#1"},
				"south": {"uv": [0, 0, 0.1, 8.5], "texture": "#1"},
				"west": {"uv": [0, 0, 0.1, 8.5], "texture": "#1"},
				"up": {"uv": [0, 0, 0.1, 0.16667], "texture": "#1"},
				"down": {"uv": [0, 0, 0.1, 0.16667], "texture": "#1"}
			}
		},
		{
			"from": [-14.8384, 2.9952, -2.8576],
			"to": [-14.464, 22.0896, -2.78272],
			"rotation": {"angle": 0, "axis": "y", "origin": [8, 10.4832, 8]},
			"faces": {
				"north": {"uv": [0, 0, 0.1, 8.5], "texture": "#1"},
				"east": {"uv": [0, 0, 0.1, 8.5], "texture": "#1"},
				"south": {"uv": [0, 0, 0.1, 8.5], "texture": "#1"},
				"west": {"uv": [0, 0, 0.1, 8.5], "texture": "#1"},
				"up": {"uv": [0, 0, 0.1, 0.16667], "texture": "#1"},
				"down": {"uv": [0, 0, 0.1, 0.16667], "texture": "#1"}
			}
		},
		{
			"from": [30.8384, 2.9952, -2.8576],
			"to": [31.2128, 22.0896, -2.4832],
			"rotation": {"angle": 0, "axis": "y", "origin": [8, 10.4832, 8]},
			"faces": {
				"north": {"uv": [0, 0, 0.1, 8.5], "texture": "#1"},
				"east": {"uv": [0, 0, 0.1, 8.5], "texture": "#1"},
				"south": {"uv": [0, 0, 0.1, 8.5], "texture": "#1"},
				"west": {"uv": [0, 0, 0.1, 8.5], "texture": "#1"},
				"up": {"uv": [0, 0, 0.1, 0.16667], "texture": "#1"},
				"down": {"uv": [0, 0, 0.1, 0.16667], "texture": "#1"}
			}
		},
		{
			"from": [-15.2128, 2.9952, -2.8576],
			"to": [-14.8384, 22.0896, -2.4832],
			"rotation": {"angle": 0, "axis": "y", "origin": [8, 10.4832, 8]},
			"faces": {
				"north": {"uv": [0, 0, 0.1, 8.5], "texture": "#1"},
				"east": {"uv": [0, 0, 0.1, 8.5], "texture": "#1"},
				"south": {"uv": [0, 0, 0.1, 8.5], "texture": "#1"},
				"west": {"uv": [0, 0, 0.1, 8.5], "texture": "#1"},
				"up": {"uv": [0, 0, 0.1, 0.16667], "texture": "#1"},
				"down": {"uv": [0, 0, 0.1, 0.16667], "texture": "#1"}
			}
		},
		{
			"from": [-12.2176, 0.3744, -3.6064],
			"to": [28.2176, 0.7488, -2.8576],
			"rotation": {"angle": 0, "axis": "y", "origin": [8, 10.4832, 8]},
			"faces": {
				"north": {"uv": [0, 0, 0, 0.16667], "texture": "#1"},
				"east": {"uv": [0, 0, 0.2, 0.16667], "texture": "#1"},
				"south": {"uv": [0, 0, 10.8, 0.16667], "texture": "#1"},
				"west": {"uv": [0, 0, 0.2, 0.16667], "texture": "#1"},
				"up": {"uv": [0, 0, 10.8, 0.33333], "texture": "#1"},
				"down": {"uv": [0, 0, 10.8, 0.33333], "texture": "#1"}
			}
		},
		{
			"from": [-12.2176, 25.8336, -3.6064],
			"to": [28.2176, 26.208, -2.8576],
			"rotation": {"angle": 0, "axis": "y", "origin": [8, 10.4832, 8]},
			"faces": {
				"north": {"uv": [0, 0, 0, 0], "texture": "#1"},
				"east": {"uv": [0, 0, 0.2, 0.16667], "texture": "#1"},
				"south": {"uv": [0, 0, 10.8, 0.16667], "texture": "#1"},
				"west": {"uv": [0, 0, 0.2, 0.16667], "texture": "#1"},
				"up": {"uv": [4, 0, 12.8, 15.33267], "texture": "#1"},
				"down": {"uv": [0, 0, 10.8, 0.33333], "texture": "#1"}
			}
		},
		{
			"from": [27.8432, 0.7488, -3.6064],
			"to": [28.2176, 1.1232, -2.8576],
			"rotation": {"angle": 0, "axis": "y", "origin": [8, 10.4832, 8]},
			"faces": {
				"north": {"uv": [0, 0, 0.1, 0.16667], "texture": "#1"},
				"east": {"uv": [0, 0, 0.2, 0.16667], "texture": "#1"},
				"south": {"uv": [0, 0, 0.1, 0.16667], "texture": "#1"},
				"west": {"uv": [0, 0, 0.2, 0.16667], "texture": "#1"},
				"up": {"uv": [0, 0, 0.1, 0.33333], "texture": "#1"},
				"down": {"uv": [0, 0, 0.1, 0.33333], "texture": "#1"}
			}
		},
		{
			"from": [27.8432, 25.4592, -3.6064],
			"to": [28.2176, 25.8336, -2.8576],
			"rotation": {"angle": 0, "axis": "y", "origin": [8, 10.4832, 8]},
			"faces": {
				"north": {"uv": [0, 0, 0.1, 0.16667], "texture": "#1"},
				"east": {"uv": [0, 0, 0.2, 0.16667], "texture": "#1"},
				"south": {"uv": [0, 0, 0.1, 0.16667], "texture": "#1"},
				"west": {"uv": [0, 0, 0.2, 0.16667], "texture": "#1"},
				"up": {"uv": [0, 0, 0.1, 0.33333], "texture": "#1"},
				"down": {"uv": [0, 0, 0.1, 0.33333], "texture": "#1"}
			}
		},
		{
			"from": [-12.2176, 0.7488, -3.6064],
			"to": [-11.8432, 1.1232, -2.8576],
			"rotation": {"angle": 0, "axis": "y", "origin": [8, 10.4832, 8]},
			"faces": {
				"north": {"uv": [0, 0, 0.1, 0.16667], "texture": "#1"},
				"east": {"uv": [0, 0, 0.2, 0.16667], "texture": "#1"},
				"south": {"uv": [0, 0, 0.1, 0.16667], "texture": "#1"},
				"west": {"uv": [0, 0, 0.2, 0.16667], "texture": "#1"},
				"up": {"uv": [0, 0, 0.1, 0.33333], "texture": "#1"},
				"down": {"uv": [0, 0, 0.1, 0.33333], "texture": "#1"}
			}
		},
		{
			"from": [-12.2176, 25.0848, -3.6064],
			"to": [-11.8432, 25.8336, -2.8576],
			"rotation": {"angle": 0, "axis": "y", "origin": [8, 10.4832, 8]},
			"faces": {
				"north": {"uv": [0, 0, 0.1, 0.33333], "texture": "#1"},
				"east": {"uv": [0, 0, 0.2, 0.33333], "texture": "#1"},
				"south": {"uv": [0, 0, 0.1, 0.33333], "texture": "#1"},
				"west": {"uv": [0, 0, 0.2, 0.33333], "texture": "#1"},
				"up": {"uv": [0, 0, 0.1, 0.33333], "texture": "#1"},
				"down": {"uv": [0, 0, 0.1, 0.33333], "texture": "#1"}
			}
		},
		{
			"from": [27.8432, 1.1232, -3.6064],
			"to": [28.9664, 1.4976, -2.8576],
			"rotation": {"angle": 0, "axis": "y", "origin": [8, 10.4832, 8]},
			"faces": {
				"north": {"uv": [0, 0, 0.3, 0.16667], "texture": "#1"},
				"east": {"uv": [0, 0, 0.2, 0.16667], "texture": "#1"},
				"south": {"uv": [0, 0, 0.3, 0.16667], "texture": "#1"},
				"west": {"uv": [0, 0, 0.2, 0.16667], "texture": "#1"},
				"up": {"uv": [0, 0, 0.3, 0.33333], "texture": "#1"},
				"down": {"uv": [0, 0, 0.3, 0.33333], "texture": "#1"}
			}
		},
		{
			"from": [27.8432, 25.0848, -3.6064],
			"to": [28.9664, 25.4592, -2.8576],
			"rotation": {"angle": 0, "axis": "y", "origin": [8, 10.4832, 8]},
			"faces": {
				"north": {"uv": [0, 0, 0.3, 0.16667], "texture": "#1"},
				"east": {"uv": [0, 0, 0.2, 0.16667], "texture": "#1"},
				"south": {"uv": [0, 0, 0.3, 0.16667], "texture": "#1"},
				"west": {"uv": [0, 0, 0.2, 0.16667], "texture": "#1"},
				"up": {"uv": [0, 0, 0.3, 0.33333], "texture": "#1"},
				"down": {"uv": [0, 0, 0.3, 0.33333], "texture": "#1"}
			}
		},
		{
			"from": [28.592, 1.4976, -3.6064],
			"to": [28.9664, 2.2464, -2.8576],
			"rotation": {"angle": 0, "axis": "y", "origin": [8, 10.4832, 8]},
			"faces": {
				"north": {"uv": [0, 0, 0.1, 0.33333], "texture": "#1"},
				"east": {"uv": [0, 0, 0.2, 0.33333], "texture": "#1"},
				"south": {"uv": [0, 0, 0.1, 0.33333], "texture": "#1"},
				"west": {"uv": [0, 0, 0.2, 0.33333], "texture": "#1"},
				"up": {"uv": [0, 0, 0.1, 0.33333], "texture": "#1"},
				"down": {"uv": [0, 0, 0.1, 0.33333], "texture": "#1"}
			}
		},
		{
			"from": [28.592, 24.336, -3.6064],
			"to": [28.9664, 25.0848, -2.8576],
			"rotation": {"angle": 0, "axis": "y", "origin": [8, 10.4832, 8]},
			"faces": {
				"north": {"uv": [0, 0, 0.1, 0.33333], "texture": "#1"},
				"east": {"uv": [0, 0, 0.2, 0.33333], "texture": "#1"},
				"south": {"uv": [0, 0, 0.1, 0.33333], "texture": "#1"},
				"west": {"uv": [0, 0, 0.2, 0.33333], "texture": "#1"},
				"up": {"uv": [0, 0, 0.1, 0.33333], "texture": "#1"},
				"down": {"uv": [0, 0, 0.1, 0.33333], "texture": "#1"}
			}
		},
		{
			"from": [28.9664, 1.872, -3.6064],
			"to": [29.3408, 2.9952, -2.8576],
			"rotation": {"angle": 0, "axis": "y", "origin": [8, 10.4832, 8]},
			"faces": {
				"north": {"uv": [0, 0, 0.1, 0.5], "texture": "#1"},
				"east": {"uv": [0, 0, 0.2, 0.5], "texture": "#1"},
				"south": {"uv": [0, 0, 0.1, 0.5], "texture": "#1"},
				"west": {"uv": [0, 0, 0.2, 0.5], "texture": "#1"},
				"up": {"uv": [0, 0, 0.1, 0.33333], "texture": "#1"},
				"down": {"uv": [0, 0, 0.1, 0.33333], "texture": "#1"}
			}
		},
		{
			"from": [28.9664, 23.5872, -3.6064],
			"to": [29.3408, 24.7104, -2.8576],
			"rotation": {"angle": 0, "axis": "y", "origin": [8, 10.4832, 8]},
			"faces": {
				"north": {"uv": [0, 0, 0.1, 0.5], "texture": "#1"},
				"east": {"uv": [0, 0, 0.2, 0.5], "texture": "#1"},
				"south": {"uv": [0, 0, 0.1, 0.5], "texture": "#1"},
				"west": {"uv": [0, 0, 0.2, 0.5], "texture": "#1"},
				"up": {"uv": [0, 0, 0.1, 0.33333], "texture": "#1"},
				"down": {"uv": [0, 0, 0.1, 0.33333], "texture": "#1"}
			}
		},
		{
			"from": [29.3408, 2.6208, -3.6064],
			"to": [29.7152, 3.3696, -2.8576],
			"rotation": {"angle": 0, "axis": "y", "origin": [8, 10.4832, 8]},
			"faces": {
				"north": {"uv": [0, 0, 0.1, 0.33333], "texture": "#1"},
				"east": {"uv": [0, 0, 0.2, 0.33333], "texture": "#1"},
				"south": {"uv": [0, 0, 0.1, 0.33333], "texture": "#1"},
				"west": {"uv": [0, 0, 0.2, 0.33333], "texture": "#1"},
				"up": {"uv": [0, 0, 0.1, 0.33333], "texture": "#1"},
				"down": {"uv": [0, 0, 0.1, 0.33333], "texture": "#1"}
			}
		},
		{
			"from": [29.3408, 23.2128, -3.6064],
			"to": [29.7152, 23.9616, -2.8576],
			"rotation": {"angle": 0, "axis": "y", "origin": [8, 10.4832, 8]},
			"faces": {
				"north": {"uv": [0, 0, 0.1, 0.33333], "texture": "#1"},
				"east": {"uv": [0, 0, 0.2, 0.33333], "texture": "#1"},
				"south": {"uv": [0, 0, 0.1, 0.33333], "texture": "#1"},
				"west": {"uv": [0, 0, 0.2, 0.33333], "texture": "#1"},
				"up": {"uv": [0, 0, 0.1, 0.33333], "texture": "#1"},
				"down": {"uv": [0, 0, 0.1, 0.33333], "texture": "#1"}
			}
		},
		{
			"from": [29.7152, 2.9952, -3.6064],
			"to": [30.0896, 3.744, -2.8576],
			"rotation": {"angle": 0, "axis": "y", "origin": [8, 10.4832, 8]},
			"faces": {
				"north": {"uv": [0, 0, 0.1, 0.33333], "texture": "#1"},
				"east": {"uv": [0, 0, 0.2, 0.33333], "texture": "#1"},
				"south": {"uv": [0, 0, 0.1, 0.33333], "texture": "#1"},
				"west": {"uv": [0, 0, 0.2, 0.33333], "texture": "#1"},
				"up": {"uv": [0, 0, 0.1, 0.33333], "texture": "#1"},
				"down": {"uv": [0, 0, 0.1, 0.33333], "texture": "#1"}
			}
		},
		{
			"from": [29.7152, 22.8384, -3.6064],
			"to": [30.0896, 23.5872, -2.8576],
			"rotation": {"angle": 0, "axis": "y", "origin": [8, 10.4832, 8]},
			"faces": {
				"north": {"uv": [0, 0, 0.1, 0.33333], "texture": "#1"},
				"east": {"uv": [0, 0, 0.2, 0.33333], "texture": "#1"},
				"south": {"uv": [0, 0, 0.1, 0.33333], "texture": "#1"},
				"west": {"uv": [0, 0, 0.2, 0.33333], "texture": "#1"},
				"up": {"uv": [0, 0, 0.1, 0.33333], "texture": "#1"},
				"down": {"uv": [0, 0, 0.1, 0.33333], "texture": "#1"}
			}
		},
		{
			"from": [30.0896, 3.3696, -3.6064],
			"to": [30.464, 3.744, -2.8576],
			"rotation": {"angle": 0, "axis": "y", "origin": [8, 10.4832, 8]},
			"faces": {
				"north": {"uv": [0, 0, 0.1, 0.16667], "texture": "#1"},
				"east": {"uv": [0, 0, 0.2, 0.16667], "texture": "#1"},
				"south": {"uv": [0, 0, 0.1, 0.16667], "texture": "#1"},
				"west": {"uv": [0, 0, 0.2, 0.16667], "texture": "#1"},
				"up": {"uv": [0, 0, 0.1, 0.33333], "texture": "#1"},
				"down": {"uv": [0, 0, 0.1, 0.33333], "texture": "#1"}
			}
		},
		{
			"from": [30.0896, 22.8384, -3.6064],
			"to": [30.464, 23.2128, -2.8576],
			"rotation": {"angle": 0, "axis": "y", "origin": [8, 10.4832, 8]},
			"faces": {
				"north": {"uv": [0, 0, 0.1, 0.16667], "texture": "#1"},
				"east": {"uv": [0, 0, 0.2, 0.16667], "texture": "#1"},
				"south": {"uv": [0, 0, 0.1, 0.16667], "texture": "#1"},
				"west": {"uv": [0, 0, 0.2, 0.16667], "texture": "#1"},
				"up": {"uv": [0, 0, 0.1, 0.33333], "texture": "#1"},
				"down": {"uv": [0, 0, 0.1, 0.33333], "texture": "#1"}
			}
		},
		{
			"from": [-12.2176, 1.1232, -3.6064],
			"to": [-11.8432, 1.4976, -2.8576],
			"rotation": {"angle": 0, "axis": "y", "origin": [8, 10.4832, 8]},
			"faces": {
				"north": {"uv": [0, 0, 0.1, 0.16667], "texture": "#1"},
				"east": {"uv": [0, 0, 0.2, 0.16667], "texture": "#1"},
				"south": {"uv": [0, 0, 0.1, 0.16667], "texture": "#1"},
				"west": {"uv": [0, 0, 0.2, 0.16667], "texture": "#1"},
				"up": {"uv": [0, 0, 0.1, 0.33333], "texture": "#1"},
				"down": {"uv": [0, 0, 0.1, 0.33333], "texture": "#1"}
			}
		},
		{
			"from": [-12.592, 1.1232, -3.6064],
			"to": [-12.2176, 1.4976, -2.8576],
			"rotation": {"angle": 0, "axis": "y", "origin": [8, 10.4832, 8]},
			"faces": {
				"north": {"uv": [0, 0, 0.1, 0.16667], "texture": "#1"},
				"east": {"uv": [0, 0, 0.2, 0.16667], "texture": "#1"},
				"south": {"uv": [0, 0, 0.1, 0.16667], "texture": "#1"},
				"west": {"uv": [0, 0, 0.2, 0.16667], "texture": "#1"},
				"up": {"uv": [0, 0, 0.1, 0.33333], "texture": "#1"},
				"down": {"uv": [0, 0, 0.1, 0.33333], "texture": "#1"}
			}
		},
		{
			"from": [-12.9664, 1.1232, -3.6064],
			"to": [-12.592, 1.4976, -2.8576],
			"rotation": {"angle": 0, "axis": "y", "origin": [8, 10.4832, 8]},
			"faces": {
				"north": {"uv": [0, 0, 0.1, 0.16667], "texture": "#1"},
				"east": {"uv": [0, 0, 0.2, 0.16667], "texture": "#1"},
				"south": {"uv": [0, 0, 0.1, 0.16667], "texture": "#1"},
				"west": {"uv": [0, 0, 0.2, 0.16667], "texture": "#1"},
				"up": {"uv": [0, 0, 0.1, 0.33333], "texture": "#1"},
				"down": {"uv": [0, 0, 0.1, 0.33333], "texture": "#1"}
			}
		},
		{
			"from": [-12.9664, 25.0848, -3.6064],
			"to": [-12.2176, 25.4592, -2.8576],
			"rotation": {"angle": 0, "axis": "y", "origin": [8, 10.4832, 8]},
			"faces": {
				"north": {"uv": [0, 0, 0.2, 0.16667], "texture": "#1"},
				"east": {"uv": [0, 0, 0.2, 0.16667], "texture": "#1"},
				"south": {"uv": [0, 0, 0.2, 0.16667], "texture": "#1"},
				"west": {"uv": [0, 0, 0.2, 0.16667], "texture": "#1"},
				"up": {"uv": [0, 0, 0.2, 0.33333], "texture": "#1"},
				"down": {"uv": [0, 0, 0.2, 0.33333], "texture": "#1"}
			}
		},
		{
			"from": [-12.9664, 1.4976, -3.6064],
			"to": [-12.592, 1.872, -2.8576],
			"rotation": {"angle": 0, "axis": "y", "origin": [8, 10.4832, 8]},
			"faces": {
				"north": {"uv": [0, 0, 0.1, 0.16667], "texture": "#1"},
				"east": {"uv": [0, 0, 0.4, 0.16667], "texture": "#1"},
				"south": {"uv": [0, 0, 0.1, 0.16667], "texture": "#1"},
				"west": {"uv": [0, 0, 0.4, 0.16667], "texture": "#1"},
				"up": {"uv": [0, 0, 0.1, 0.66667], "texture": "#1"},
				"down": {"uv": [0, 0, 0.1, 0.66667], "texture": "#1"}
			}
		},
		{
			"from": [-12.9664, 24.7104, -3.6064],
			"to": [-12.592, 25.0848, -2.8576],
			"rotation": {"angle": 0, "axis": "y", "origin": [8, 10.4832, 8]},
			"faces": {
				"north": {"uv": [0, 0, 0.1, 0.16667], "texture": "#1"},
				"east": {"uv": [0, 0, 0.4, 0.16667], "texture": "#1"},
				"south": {"uv": [0, 0, 0.1, 0.16667], "texture": "#1"},
				"west": {"uv": [0, 0, 0.4, 0.16667], "texture": "#1"},
				"up": {"uv": [0, 0, 0.1, 0.66667], "texture": "#1"},
				"down": {"uv": [0, 0, 0.1, 0.66667], "texture": "#1"}
			}
		},
		{
			"from": [-13.3408, 1.872, -3.6064],
			"to": [-12.592, 2.2464, -2.8576],
			"rotation": {"angle": 0, "axis": "y", "origin": [8, 10.4832, 8]},
			"faces": {
				"north": {"uv": [0, 0, 0.1, 0.16667], "texture": "#1"},
				"east": {"uv": [0, 0, 0.4, 0.16667], "texture": "#1"},
				"south": {"uv": [0, 0, 0.1, 0.16667], "texture": "#1"},
				"west": {"uv": [0, 0, 0.4, 0.16667], "texture": "#1"},
				"up": {"uv": [0, 0, 0.1, 0.66667], "texture": "#1"},
				"down": {"uv": [0, 0, 0.1, 0.66667], "texture": "#1"}
			}
		},
		{
			"from": [-13.3408, 24.336, -3.6064],
			"to": [-12.592, 24.7104, -2.8576],
			"rotation": {"angle": 0, "axis": "y", "origin": [8, 10.4832, 8]},
			"faces": {
				"north": {"uv": [0, 0, 0.1, 0.16667], "texture": "#1"},
				"east": {"uv": [0, 0, 0.4, 0.16667], "texture": "#1"},
				"south": {"uv": [0, 0, 0.1, 0.16667], "texture": "#1"},
				"west": {"uv": [0, 0, 0.4, 0.16667], "texture": "#1"},
				"up": {"uv": [0, 0, 0.1, 0.66667], "texture": "#1"},
				"down": {"uv": [0, 0, 0.1, 0.66667], "texture": "#1"}
			}
		},
		{
			"from": [-13.3408, 2.2464, -3.6064],
			"to": [-12.9664, 2.6208, -2.8576],
			"rotation": {"angle": 0, "axis": "y", "origin": [8, 10.4832, 8]},
			"faces": {
				"north": {"uv": [0, 0, 0.1, 0.16667], "texture": "#1"},
				"east": {"uv": [0, 0, 0.4, 0.16667], "texture": "#1"},
				"south": {"uv": [0, 0, 0.1, 0.16667], "texture": "#1"},
				"west": {"uv": [0, 0, 0.4, 0.16667], "texture": "#1"},
				"up": {"uv": [0, 0, 0.1, 0.66667], "texture": "#1"},
				"down": {"uv": [0, 0, 0.1, 0.66667], "texture": "#1"}
			}
		},
		{
			"from": [-13.3408, 23.9616, -3.6064],
			"to": [-12.9664, 24.336, -2.8576],
			"rotation": {"angle": 0, "axis": "y", "origin": [8, 10.4832, 8]},
			"faces": {
				"north": {"uv": [0, 0, 0.1, 0.16667], "texture": "#1"},
				"east": {"uv": [0, 0, 0.4, 0.16667], "texture": "#1"},
				"south": {"uv": [0, 0, 0.1, 0.16667], "texture": "#1"},
				"west": {"uv": [0, 0, 0.4, 0.16667], "texture": "#1"},
				"up": {"uv": [0, 0, 0.1, 0.66667], "texture": "#1"},
				"down": {"uv": [0, 0, 0.1, 0.66667], "texture": "#1"}
			}
		},
		{
			"from": [-13.7152, 2.6208, -3.6064],
			"to": [-12.9664, 2.9952, -2.8576],
			"rotation": {"angle": 0, "axis": "y", "origin": [8, 10.4832, 8]},
			"faces": {
				"north": {"uv": [0, 0, 0.1, 0.16667], "texture": "#1"},
				"east": {"uv": [0, 0, 0.4, 0.16667], "texture": "#1"},
				"south": {"uv": [0, 0, 0.1, 0.16667], "texture": "#1"},
				"west": {"uv": [0, 0, 0.4, 0.16667], "texture": "#1"},
				"up": {"uv": [0, 0, 0.1, 0.66667], "texture": "#1"},
				"down": {"uv": [0, 0, 0.1, 0.66667], "texture": "#1"}
			}
		},
		{
			"from": [-13.7152, 23.5872, -3.6064],
			"to": [-12.9664, 23.9616, -2.8576],
			"rotation": {"angle": 0, "axis": "y", "origin": [8, 10.4832, 8]},
			"faces": {
				"north": {"uv": [0, 0, 0.1, 0.16667], "texture": "#1"},
				"east": {"uv": [0, 0, 0.4, 0.16667], "texture": "#1"},
				"south": {"uv": [0, 0, 0.1, 0.16667], "texture": "#1"},
				"west": {"uv": [0, 0, 0.4, 0.16667], "texture": "#1"},
				"up": {"uv": [0, 0, 0.1, 0.66667], "texture": "#1"},
				"down": {"uv": [0, 0, 0.1, 0.66667], "texture": "#1"}
			}
		},
		{
			"from": [-15.5872, 4.1184, -3.6064],
			"to": [-15.2128, 22.464, -2.8576],
			"rotation": {"angle": 0, "axis": "y", "origin": [8, 10.4832, 8]},
			"faces": {
				"north": {"uv": [0, 0, 0.1, 0.16667], "texture": "#1"},
				"east": {"uv": [0, 0, 4.4, 15.16667], "texture": "#1"},
				"south": {"uv": [0, 0, 0.1, 0.16667], "texture": "#1"},
				"west": {"uv": [9, 0, 9.4, 0.16667], "texture": "#1"},
				"up": {"uv": [0, 0, 0.1, 0.66667], "texture": "#1"},
				"down": {"uv": [0, 0, 0.1, 0.66667], "texture": "#1"}
			}
		},
		{
			"from": [-15.2128, 4.1184, -3.6064],
			"to": [-14.8384, 4.4928, -2.8576],
			"rotation": {"angle": 0, "axis": "y", "origin": [8, 10.4832, 8]},
			"faces": {
				"north": {"uv": [0, 0, 0.1, 0.16667], "texture": "#1"},
				"east": {"uv": [0, 0, 0.4, 0.16667], "texture": "#1"},
				"south": {"uv": [0, 0, 0.1, 0.16667], "texture": "#1"},
				"west": {"uv": [0, 0, 0.4, 0.16667], "texture": "#1"},
				"up": {"uv": [0, 0, 0.1, 0.66667], "texture": "#1"},
				"down": {"uv": [0, 0, 0.1, 0.66667], "texture": "#1"}
			}
		},
		{
			"from": [-15.2128, 22.0896, -3.6064],
			"to": [-14.8384, 22.464, -2.8576],
			"rotation": {"angle": 0, "axis": "y", "origin": [8, 10.4832, 8]},
			"faces": {
				"north": {"uv": [0, 0, 0.1, 0.16667], "texture": "#1"},
				"east": {"uv": [0, 0, 0.4, 0.16667], "texture": "#1"},
				"south": {"uv": [0, 0, 0.1, 0.16667], "texture": "#1"},
				"west": {"uv": [0, 0, 0.4, 0.16667], "texture": "#1"},
				"up": {"uv": [0, 0, 0.1, 0.66667], "texture": "#1"},
				"down": {"uv": [0, 0, 0.1, 0.66667], "texture": "#1"}
			}
		},
		{
			"from": [-14.8384, 3.744, -3.6064],
			"to": [-14.464, 4.4928, -2.8576],
			"rotation": {"angle": 0, "axis": "y", "origin": [8, 10.4832, 8]},
			"faces": {
				"north": {"uv": [0, 0, 0.1, 0.16667], "texture": "#1"},
				"east": {"uv": [0, 0, 0.4, 0.16667], "texture": "#1"},
				"south": {"uv": [0, 0, 0.1, 0.16667], "texture": "#1"},
				"west": {"uv": [0, 0, 0.4, 0.16667], "texture": "#1"},
				"up": {"uv": [0, 0, 0.1, 0.66667], "texture": "#1"},
				"down": {"uv": [0, 0, 0.1, 0.66667], "texture": "#1"}
			}
		},
		{
			"from": [-14.8384, 22.0896, -3.6064],
			"to": [-14.464, 22.8384, -2.8576],
			"rotation": {"angle": 0, "axis": "y", "origin": [8, 10.4832, 8]},
			"faces": {
				"north": {"uv": [0, 0, 0.1, 0.16667], "texture": "#1"},
				"east": {"uv": [0, 0, 0.4, 0.16667], "texture": "#1"},
				"south": {"uv": [0, 0, 0.1, 0.16667], "texture": "#1"},
				"west": {"uv": [0, 0, 0.4, 0.16667], "texture": "#1"},
				"up": {"uv": [0, 0, 0.1, 0.66667], "texture": "#1"},
				"down": {"uv": [0, 0, 0.1, 0.66667], "texture": "#1"}
			}
		},
		{
			"from": [-14.8384, 3.3696, -3.6064],
			"to": [-13.7152, 3.744, -2.8576],
			"rotation": {"angle": 0, "axis": "y", "origin": [8, 10.4832, 8]},
			"faces": {
				"north": {"uv": [0, 0, 0.1, 0.16667], "texture": "#1"},
				"east": {"uv": [0, 0, 0.4, 0.16667], "texture": "#1"},
				"south": {"uv": [0, 0, 0.1, 0.16667], "texture": "#1"},
				"west": {"uv": [0, 0, 0.4, 0.16667], "texture": "#1"},
				"up": {"uv": [0, 0, 0.1, 0.66667], "texture": "#1"},
				"down": {"uv": [0, 0, 0.1, 0.66667], "texture": "#1"}
			}
		},
		{
			"from": [-14.8384, 22.8384, -3.6064],
			"to": [-13.7152, 23.2128, -2.8576],
			"rotation": {"angle": 0, "axis": "y", "origin": [8, 10.4832, 8]},
			"faces": {
				"north": {"uv": [0, 0, 0.1, 0.16667], "texture": "#1"},
				"east": {"uv": [0, 0, 0.4, 0.16667], "texture": "#1"},
				"south": {"uv": [0, 0, 0.1, 0.16667], "texture": "#1"},
				"west": {"uv": [0, 0, 0.4, 0.16667], "texture": "#1"},
				"up": {"uv": [0, 0, 0.1, 0.66667], "texture": "#1"},
				"down": {"uv": [0, 0, 0.1, 0.66667], "texture": "#1"}
			}
		},
		{
			"from": [-14.0896, 2.9952, -3.6064],
			"to": [-13.3408, 3.3696, -2.8576],
			"rotation": {"angle": 0, "axis": "y", "origin": [8, 10.4832, 8]},
			"faces": {
				"north": {"uv": [0, 0, 0.1, 0.16667], "texture": "#1"},
				"east": {"uv": [0, 0, 0.4, 0.16667], "texture": "#1"},
				"south": {"uv": [0, 0, 0.1, 0.16667], "texture": "#1"},
				"west": {"uv": [0, 0, 0.4, 0.16667], "texture": "#1"},
				"up": {"uv": [0, 0, 0.1, 0.66667], "texture": "#1"},
				"down": {"uv": [0, 0, 0.1, 0.66667], "texture": "#1"}
			}
		},
		{
			"from": [-14.0896, 23.2128, -3.6064],
			"to": [-13.3408, 23.5872, -2.8576],
			"rotation": {"angle": 0, "axis": "y", "origin": [8, 10.4832, 8]},
			"faces": {
				"north": {"uv": [0, 0, 0.1, 0.16667], "texture": "#1"},
				"east": {"uv": [0, 0, 0.4, 0.16667], "texture": "#1"},
				"south": {"uv": [0, 0, 0.1, 0.16667], "texture": "#1"},
				"west": {"uv": [0, 0, 0.4, 0.16667], "texture": "#1"},
				"up": {"uv": [0, 0, 0.1, 0.66667], "texture": "#1"},
				"down": {"uv": [0, 0, 0.1, 0.66667], "texture": "#1"}
			}
		},
		{
			"from": [31.2128, 4.1184, -3.6064],
			"to": [31.5872, 22.464, -2.8576],
			"rotation": {"angle": 0, "axis": "y", "origin": [8, 10.4832, 8]},
			"faces": {
				"north": {"uv": [0, 0, 0.1, 0.16667], "texture": "#1"},
				"east": {"uv": [0, 0, 0.4, 0.16667], "texture": "#1"},
				"south": {"uv": [0, 0, 0.1, 0.16667], "texture": "#1"},
				"west": {"uv": [0, 3.33333, 0.4, 8.5], "texture": "#1"},
				"up": {"uv": [0, 0, 0.1, 0.66667], "texture": "#1"},
				"down": {"uv": [0, 0, 0.1, 0.66667], "texture": "#1"}
			}
		},
		{
			"from": [30.464, 4.1184, -3.6064],
			"to": [31.2128, 4.4928, -2.8576],
			"rotation": {"angle": 0, "axis": "y", "origin": [8, 10.4832, 8]},
			"faces": {
				"north": {"uv": [0, 0, 0.1, 0.16667], "texture": "#1"},
				"east": {"uv": [0, 0, 0.4, 0.16667], "texture": "#1"},
				"south": {"uv": [0, 0, 0.1, 0.16667], "texture": "#1"},
				"west": {"uv": [0, 0, 0.4, 0.16667], "texture": "#1"},
				"up": {"uv": [0, 0, 0.1, 0.66667], "texture": "#1"},
				"down": {"uv": [0, 0, 0.1, 0.66667], "texture": "#1"}
			}
		},
		{
			"from": [30.464, 22.0896, -3.6064],
			"to": [31.2128, 22.464, -2.8576],
			"rotation": {"angle": 0, "axis": "y", "origin": [8, 10.4832, 8]},
			"faces": {
				"north": {"uv": [0, 0, 0.1, 0.16667], "texture": "#1"},
				"east": {"uv": [0, 0, 0.4, 0.16667], "texture": "#1"},
				"south": {"uv": [0, 0, 0.1, 0.16667], "texture": "#1"},
				"west": {"uv": [0, 0, 0.4, 0.16667], "texture": "#1"},
				"up": {"uv": [0, 0, 0.1, 0.66667], "texture": "#1"},
				"down": {"uv": [0, 0, 0.1, 0.66667], "texture": "#1"}
			}
		},
		{
			"from": [30.464, 3.3696, -3.6064],
			"to": [30.8384, 4.1184, -2.8576],
			"rotation": {"angle": 0, "axis": "y", "origin": [8, 10.4832, 8]},
			"faces": {
				"north": {"uv": [0, 0, 0.1, 0.16667], "texture": "#1"},
				"east": {"uv": [0, 0, 0.4, 0.16667], "texture": "#1"},
				"south": {"uv": [0, 0, 0.1, 0.16667], "texture": "#1"},
				"west": {"uv": [0, 0, 0.4, 0.16667], "texture": "#1"},
				"up": {"uv": [0, 0, 0.1, 0.66667], "texture": "#1"},
				"down": {"uv": [0, 0, 0.1, 0.66667], "texture": "#1"}
			}
		},
		{
			"from": [30.464, 22.464, -3.6064],
			"to": [30.8384, 23.2128, -2.8576],
			"rotation": {"angle": 0, "axis": "y", "origin": [8, 10.4832, 8]},
			"faces": {
				"north": {"uv": [0, 0, 0.1, 0.16667], "texture": "#1"},
				"east": {"uv": [0, 0, 0.4, 0.16667], "texture": "#1"},
				"south": {"uv": [0, 0, 0.1, 0.16667], "texture": "#1"},
				"west": {"uv": [0, 0, 0.4, 0.16667], "texture": "#1"},
				"up": {"uv": [0, 0, 0.1, 0.66667], "texture": "#1"},
				"down": {"uv": [0, 0, 0.1, 0.66667], "texture": "#1"}
			}
		},
		{
			"from": [-15.9616, 22.0896, -2.8576],
			"to": [31.9616, 22.8384, -2.4832],
			"rotation": {"angle": 0, "axis": "y", "origin": [8, 10.4832, 8]},
			"faces": {
				"north": {"uv": [0, 0, 12.8, 0.33333], "texture": "#1"},
				"east": {"uv": [0, 0, 0.1, 0.33333], "texture": "#1"},
				"south": {"uv": [0, 0, 12.8, 0.33333], "texture": "#1"},
				"west": {"uv": [0, 0, 0.1, 0.33333], "texture": "#1"},
				"up": {"uv": [0, 0, 12.8, 0.16667], "texture": "#1"},
				"down": {"uv": [0, 0, 12.8, 0.16667], "texture": "#1"}
			}
		},
		{
			"from": [-15.2128, 22.8384, -2.8576],
			"to": [31.2128, 23.5872, -2.4832],
			"rotation": {"angle": 0, "axis": "y", "origin": [8, 10.4832, 8]},
			"faces": {
				"north": {"uv": [0, 0, 12.4, 0.33333], "texture": "#1"},
				"east": {"uv": [0, 0, 0.1, 0.33333], "texture": "#1"},
				"south": {"uv": [0, 0, 12.4, 0.33333], "texture": "#1"},
				"west": {"uv": [0, 0, 0.1, 0.33333], "texture": "#1"},
				"up": {"uv": [0, 0, 12.4, 0.16667], "texture": "#1"},
				"down": {"uv": [0, 0, 12.4, 0.16667], "texture": "#1"}
			}
		},
		{
			"from": [-14.464, 23.5872, -2.8576],
			"to": [30.464, 23.9616, -2.4832],
			"rotation": {"angle": 0, "axis": "y", "origin": [8, 10.4832, 8]},
			"faces": {
				"north": {"uv": [0, 0, 12, 0.16667], "texture": "#1"},
				"east": {"uv": [0, 0, 0.1, 0.16667], "texture": "#1"},
				"south": {"uv": [0, 0, 12, 0.16667], "texture": "#1"},
				"west": {"uv": [0, 0, 0.1, 0.16667], "texture": "#1"},
				"up": {"uv": [0, 0, 12, 0.16667], "texture": "#1"},
				"down": {"uv": [0, 0, 12, 0.16667], "texture": "#1"}
			}
		},
		{
			"from": [-14.0896, 23.9616, -2.8576],
			"to": [30.0896, 24.336, -2.4832],
			"rotation": {"angle": 0, "axis": "y", "origin": [8, 10.4832, 8]},
			"faces": {
				"north": {"uv": [0, 0, 11.8, 0.16667], "texture": "#1"},
				"east": {"uv": [0, 0, 0.1, 0.16667], "texture": "#1"},
				"south": {"uv": [0, 0, 11.8, 0.16667], "texture": "#1"},
				"west": {"uv": [0, 0, 0.1, 0.16667], "texture": "#1"},
				"up": {"uv": [0, 0, 11.8, 0.16667], "texture": "#1"},
				"down": {"uv": [0, 0, 11.8, 0.16667], "texture": "#1"}
			}
		},
		{
			"from": [-13.7152, 24.336, -2.8576],
			"to": [29.7152, 25.0848, -2.4832],
			"rotation": {"angle": 0, "axis": "y", "origin": [8, 10.4832, 8]},
			"faces": {
				"north": {"uv": [0, 0, 11.6, 0.33333], "texture": "#1"},
				"east": {"uv": [0, 0, 0.1, 0.33333], "texture": "#1"},
				"south": {"uv": [0, 0, 11.6, 0.33333], "texture": "#1"},
				"west": {"uv": [0, 0, 0.1, 0.33333], "texture": "#1"},
				"up": {"uv": [0, 0, 11.6, 0.16667], "texture": "#1"},
				"down": {"uv": [0, 0, 11.6, 0.16667], "texture": "#1"}
			}
		},
		{
			"from": [-13.3408, 25.0848, -2.8576],
			"to": [29.3408, 25.8336, -2.4832],
			"rotation": {"angle": 0, "axis": "y", "origin": [8, 10.4832, 8]},
			"faces": {
				"north": {"uv": [0, 0, 11.4, 0.33333], "texture": "#1"},
				"east": {"uv": [0, 0, 0.1, 0.33333], "texture": "#1"},
				"south": {"uv": [0, 0, 11.4, 0.33333], "texture": "#1"},
				"west": {"uv": [0, 0, 0.1, 0.33333], "texture": "#1"},
				"up": {"uv": [0, 0, 11.4, 0.16667], "texture": "#1"},
				"down": {"uv": [0, 0, 11.4, 0.16667], "texture": "#1"}
			}
		},
		{
			"from": [-12.592, 25.8336, -2.8576],
			"to": [28.592, 26.5824, -2.4832],
			"rotation": {"angle": 0, "axis": "y", "origin": [8, 10.4832, 8]},
			"faces": {
				"north": {"uv": [0, 0, 11, 0.33333], "texture": "#1"},
				"east": {"uv": [0, 0, 0.1, 0.33333], "texture": "#1"},
				"south": {"uv": [0, 0, 11, 0.33333], "texture": "#1"},
				"west": {"uv": [0, 0, 0.1, 0.33333], "texture": "#1"},
				"up": {"uv": [0, 0, 11, 0.16667], "texture": "#1"},
				"down": {"uv": [0, 0, 11, 0.16667], "texture": "#1"}
			}
		},
		{
			"from": [-12.2176, 0, -3.232],
			"to": [28.2176, 0.3744, -2.8576],
			"rotation": {"angle": 0, "axis": "y", "origin": [8, 10.4832, 8]},
			"faces": {
				"north": {"uv": [10.75, 0, 11.8, 10.58333], "texture": "#2"},
				"east": {"uv": [0, 0, 0.1, 0.16667], "texture": "#2"},
				"south": {"uv": [0, 0, 10.8, 0.16667], "texture": "#2"},
				"west": {"uv": [0, 0, 0.1, 0.16667], "texture": "#2"},
				"up": {"uv": [0, 0, 10.8, 0.16667], "texture": "#2"},
				"down": {"uv": [0, 0, 10.8, 0.16667], "texture": "#2"}
			}
		},
		{
			"from": [-12.2176, 26.208, -3.232],
			"to": [28.2176, 26.5824, -2.8576],
			"rotation": {"angle": 0, "axis": "y", "origin": [8, 10.4832, 8]},
			"faces": {
				"north": {"uv": [10.1252, 4.16667, 11.9252, 16], "texture": "#2"},
				"east": {"uv": [0, 0, 0.1, 0.16667], "texture": "#2"},
				"south": {"uv": [0, 0, 10.8, 0.16667], "texture": "#2"},
				"west": {"uv": [0, 0, 0.1, 0.16667], "texture": "#2"},
				"up": {"uv": [0, 0, 10.8, 0.16667], "texture": "#2"},
				"down": {"uv": [0, 0, 10.8, 0.16667], "texture": "#2"}
			}
		},
		{
			"from": [-12.592, 25.8336, -3.232],
			"to": [-12.2176, 26.5824, -2.8576],
			"rotation": {"angle": 0, "axis": "y", "origin": [8, 10.4832, 8]},
			"faces": {
				"north": {"uv": [0, 0, 0.1, 0.33333], "texture": "#2"},
				"east": {"uv": [0, 0, 0.1, 0.33333], "texture": "#2"},
				"south": {"uv": [0, 0, 0.1, 0.33333], "texture": "#2"},
				"west": {"uv": [0, 0, 0.1, 0.33333], "texture": "#2"},
				"up": {"uv": [0, 0, 0.1, 0.16667], "texture": "#2"},
				"down": {"uv": [0, 0, 0.1, 0.16667], "texture": "#2"}
			}
		},
		{
			"from": [28.2176, 25.8336, -3.232],
			"to": [28.592, 26.5824, -2.8576],
			"rotation": {"angle": 0, "axis": "y", "origin": [8, 10.4832, 8]},
			"faces": {
				"north": {"uv": [0, 0, 0.1, 0.33333], "texture": "#2"},
				"east": {"uv": [0, 0, 0.1, 0.33333], "texture": "#2"},
				"south": {"uv": [0, 0, 0.1, 0.33333], "texture": "#2"},
				"west": {"uv": [0, 0, 0.1, 0.33333], "texture": "#2"},
				"up": {"uv": [0, 0, 0.1, 0.16667], "texture": "#2"},
				"down": {"uv": [0, 0, 0.1, 0.16667], "texture": "#2"}
			}
		},
		{
			"from": [-13.3408, 25.4592, -3.232],
			"to": [-12.2176, 25.8336, -2.8576],
			"rotation": {"angle": 0, "axis": "y", "origin": [8, 10.4832, 8]},
			"faces": {
				"north": {"uv": [0, 0, 0.3, 0.16667], "texture": "#2"},
				"east": {"uv": [0, 0, 0.1, 0.16667], "texture": "#2"},
				"south": {"uv": [0, 0, 0.3, 0.16667], "texture": "#2"},
				"west": {"uv": [0, 0, 0.1, 0.16667], "texture": "#2"},
				"up": {"uv": [0, 0, 0.3, 0.16667], "texture": "#2"},
				"down": {"uv": [0, 0, 0.3, 0.16667], "texture": "#2"}
			}
		},
		{
			"from": [28.2176, 25.4592, -3.232],
			"to": [29.3408, 25.8336, -2.8576],
			"rotation": {"angle": 0, "axis": "y", "origin": [8, 10.4832, 8]},
			"faces": {
				"north": {"uv": [0, 0, 0.3, 0.16667], "texture": "#2"},
				"east": {"uv": [0, 0, 0.1, 0.16667], "texture": "#2"},
				"south": {"uv": [0, 0, 0.3, 0.16667], "texture": "#2"},
				"west": {"uv": [0, 0, 0.1, 0.16667], "texture": "#2"},
				"up": {"uv": [0, 0, 0.3, 0.16667], "texture": "#2"},
				"down": {"uv": [0, 0, 0.3, 0.16667], "texture": "#2"}
			}
		},
		{
			"from": [-13.3408, 24.7104, -3.232],
			"to": [-12.9664, 25.4592, -2.8576],
			"rotation": {"angle": 0, "axis": "y", "origin": [8, 10.4832, 8]},
			"faces": {
				"north": {"uv": [0, 0, 0.1, 0.33333], "texture": "#2"},
				"east": {"uv": [0, 0, 0.1, 0.33333], "texture": "#2"},
				"south": {"uv": [0, 0, 0.1, 0.33333], "texture": "#2"},
				"west": {"uv": [0, 0, 0.1, 0.33333], "texture": "#2"},
				"up": {"uv": [0, 0, 0.1, 0.16667], "texture": "#2"},
				"down": {"uv": [0, 0, 0.1, 0.16667], "texture": "#2"}
			}
		},
		{
			"from": [28.9664, 24.7104, -3.232],
			"to": [29.3408, 25.4592, -2.8576],
			"rotation": {"angle": 0, "axis": "y", "origin": [8, 10.4832, 8]},
			"faces": {
				"north": {"uv": [0, 0, 0.1, 0.33333], "texture": "#2"},
				"east": {"uv": [0, 0, 0.1, 0.33333], "texture": "#2"},
				"south": {"uv": [0, 0, 0.1, 0.33333], "texture": "#2"},
				"west": {"uv": [0, 0, 0.1, 0.33333], "texture": "#2"},
				"up": {"uv": [0, 0, 0.1, 0.16667], "texture": "#2"},
				"down": {"uv": [0, 0, 0.1, 0.16667], "texture": "#2"}
			}
		},
		{
			"from": [-13.7152, 23.9616, -3.232],
			"to": [-13.3408, 25.0848, -2.8576],
			"rotation": {"angle": 0, "axis": "y", "origin": [8, 10.4832, 8]},
			"faces": {
				"north": {"uv": [0, 0, 0.1, 0.5], "texture": "#2"},
				"east": {"uv": [0, 0, 0.1, 0.5], "texture": "#2"},
				"south": {"uv": [0, 0, 0.1, 0.5], "texture": "#2"},
				"west": {"uv": [0, 0, 0.1, 0.5], "texture": "#2"},
				"up": {"uv": [0, 0, 0.1, 0.16667], "texture": "#2"},
				"down": {"uv": [0, 0, 0.1, 0.16667], "texture": "#2"}
			}
		},
		{
			"from": [29.3408, 23.9616, -3.232],
			"to": [29.7152, 25.0848, -2.8576],
			"rotation": {"angle": 0, "axis": "y", "origin": [8, 10.4832, 8]},
			"faces": {
				"north": {"uv": [0, 0, 0.1, 0.5], "texture": "#2"},
				"east": {"uv": [0, 0, 0.1, 0.5], "texture": "#2"},
				"south": {"uv": [0, 0, 0.1, 0.5], "texture": "#2"},
				"west": {"uv": [0, 0, 0.1, 0.5], "texture": "#2"},
				"up": {"uv": [0, 0, 0.1, 0.16667], "texture": "#2"},
				"down": {"uv": [0, 0, 0.1, 0.16667], "texture": "#2"}
			}
		},
		{
			"from": [-14.0896, 23.5872, -3.232],
			"to": [-13.7152, 24.336, -2.8576],
			"rotation": {"angle": 0, "axis": "y", "origin": [8, 10.4832, 8]},
			"faces": {
				"north": {"uv": [0, 0, 0.1, 0.33333], "texture": "#2"},
				"east": {"uv": [0, 0, 0.1, 0.33333], "texture": "#2"},
				"south": {"uv": [0, 0, 0.1, 0.33333], "texture": "#2"},
				"west": {"uv": [0, 0, 0.1, 0.33333], "texture": "#2"},
				"up": {"uv": [0, 0, 0.1, 0.16667], "texture": "#2"},
				"down": {"uv": [0, 0, 0.1, 0.16667], "texture": "#2"}
			}
		},
		{
			"from": [29.7152, 23.5872, -3.232],
			"to": [30.0896, 24.336, -2.8576],
			"rotation": {"angle": 0, "axis": "y", "origin": [8, 10.4832, 8]},
			"faces": {
				"north": {"uv": [0, 0, 0.1, 0.33333], "texture": "#2"},
				"east": {"uv": [0, 0, 0.1, 0.33333], "texture": "#2"},
				"south": {"uv": [0, 0, 0.1, 0.33333], "texture": "#2"},
				"west": {"uv": [0, 0, 0.1, 0.33333], "texture": "#2"},
				"up": {"uv": [0, 0, 0.1, 0.16667], "texture": "#2"},
				"down": {"uv": [0, 0, 0.1, 0.16667], "texture": "#2"}
			}
		},
		{
			"from": [-14.464, 23.2128, -3.232],
			"to": [-14.0896, 23.9616, -2.8576],
			"rotation": {"angle": 0, "axis": "y", "origin": [8, 10.4832, 8]},
			"faces": {
				"north": {"uv": [0, 0, 0.1, 0.33333], "texture": "#2"},
				"east": {"uv": [0, 0, 0.1, 0.33333], "texture": "#2"},
				"south": {"uv": [0, 0, 0.1, 0.33333], "texture": "#2"},
				"west": {"uv": [0, 0, 0.1, 0.33333], "texture": "#2"},
				"up": {"uv": [0, 0, 0.1, 0.16667], "texture": "#2"},
				"down": {"uv": [0, 0, 0.1, 0.16667], "texture": "#2"}
			}
		},
		{
			"from": [30.0896, 23.2128, -3.232],
			"to": [30.464, 23.9616, -2.8576],
			"rotation": {"angle": 0, "axis": "y", "origin": [8, 10.4832, 8]},
			"faces": {
				"north": {"uv": [0, 0, 0.1, 0.33333], "texture": "#2"},
				"east": {"uv": [0, 0, 0.1, 0.33333], "texture": "#2"},
				"south": {"uv": [0, 0, 0.1, 0.33333], "texture": "#2"},
				"west": {"uv": [0, 0, 0.1, 0.33333], "texture": "#2"},
				"up": {"uv": [0, 0, 0.1, 0.16667], "texture": "#2"},
				"down": {"uv": [0, 0, 0.1, 0.16667], "texture": "#2"}
			}
		},
		{
			"from": [-15.2128, 23.2128, -3.232],
			"to": [-14.464, 23.5872, -2.8576],
			"rotation": {"angle": 0, "axis": "y", "origin": [8, 10.4832, 8]},
			"faces": {
				"north": {"uv": [0, 0, 0.2, 0.16667], "texture": "#2"},
				"east": {"uv": [0, 0, 0.1, 0.16667], "texture": "#2"},
				"south": {"uv": [0, 0, 0.2, 0.16667], "texture": "#2"},
				"west": {"uv": [0, 0, 0.1, 0.16667], "texture": "#2"},
				"up": {"uv": [0, 0, 0.2, 0.16667], "texture": "#2"},
				"down": {"uv": [0, 0, 0.2, 0.16667], "texture": "#2"}
			}
		},
		{
			"from": [30.464, 23.2128, -3.232],
			"to": [31.2128, 23.5872, -2.8576],
			"rotation": {"angle": 0, "axis": "y", "origin": [8, 10.4832, 8]},
			"faces": {
				"north": {"uv": [0, 0, 0.2, 0.16667], "texture": "#2"},
				"east": {"uv": [0, 0, 0.1, 0.16667], "texture": "#2"},
				"south": {"uv": [0, 0, 0.2, 0.16667], "texture": "#2"},
				"west": {"uv": [0, 0, 0.1, 0.16667], "texture": "#2"},
				"up": {"uv": [0, 0, 0.2, 0.16667], "texture": "#2"},
				"down": {"uv": [0, 0, 0.2, 0.16667], "texture": "#2"}
			}
		},
		{
			"from": [-15.2128, 22.464, -3.232],
			"to": [-14.8384, 23.2128, -2.8576],
			"rotation": {"angle": 0, "axis": "y", "origin": [8, 10.4832, 8]},
			"faces": {
				"north": {"uv": [0, 0, 0.1, 0.33333], "texture": "#2"},
				"east": {"uv": [0, 0, 0.1, 0.33333], "texture": "#2"},
				"south": {"uv": [0, 0, 0.1, 0.33333], "texture": "#2"},
				"west": {"uv": [0, 0, 0.1, 0.33333], "texture": "#2"},
				"up": {"uv": [0, 0, 0.1, 0.16667], "texture": "#2"},
				"down": {"uv": [0, 0, 0.1, 0.16667], "texture": "#2"}
			}
		},
		{
			"from": [30.8384, 22.464, -3.232],
			"to": [31.2128, 23.2128, -2.8576],
			"rotation": {"angle": 0, "axis": "y", "origin": [8, 10.4832, 8]},
			"faces": {
				"north": {"uv": [0, 0, 0.1, 0.33333], "texture": "#2"},
				"east": {"uv": [0, 0, 0.1, 0.33333], "texture": "#2"},
				"south": {"uv": [0, 0, 0.1, 0.33333], "texture": "#2"},
				"west": {"uv": [0, 0, 0.1, 0.33333], "texture": "#2"},
				"up": {"uv": [0, 0, 0.1, 0.16667], "texture": "#2"},
				"down": {"uv": [0, 0, 0.1, 0.16667], "texture": "#2"}
			}
		},
		{
			"from": [-15.9616, 22.464, -3.232],
			"to": [-15.2128, 22.8384, -2.8576],
			"rotation": {"angle": 0, "axis": "y", "origin": [8, 10.4832, 8]},
			"faces": {
				"north": {"uv": [0, 0, 0.2, 0.16667], "texture": "#2"},
				"east": {"uv": [0, 0, 0.1, 0.16667], "texture": "#2"},
				"south": {"uv": [0, 0, 0.2, 0.16667], "texture": "#2"},
				"west": {"uv": [0, 0, 0.1, 0.16667], "texture": "#2"},
				"up": {"uv": [0, 0, 0.2, 0.16667], "texture": "#2"},
				"down": {"uv": [0, 0, 0.2, 0.16667], "texture": "#2"}
			}
		},
		{
			"from": [31.2128, 22.464, -3.232],
			"to": [31.9616, 22.8384, -2.8576],
			"rotation": {"angle": 0, "axis": "y", "origin": [8, 10.4832, 8]},
			"faces": {
				"north": {"uv": [0, 0, 0.2, 0.16667], "texture": "#2"},
				"east": {"uv": [0, 0, 0.1, 0.16667], "texture": "#2"},
				"south": {"uv": [0, 0, 0.2, 0.16667], "texture": "#2"},
				"west": {"uv": [0, 0, 0.1, 0.16667], "texture": "#2"},
				"up": {"uv": [0, 0, 0.2, 0.16667], "texture": "#2"},
				"down": {"uv": [0, 0, 0.2, 0.16667], "texture": "#2"}
			}
		},
		{
			"from": [-15.9616, 3.744, -3.232],
			"to": [-15.5872, 22.464, -2.8576],
			"rotation": {"angle": 0, "axis": "y", "origin": [8, 10.4832, 8]},
			"faces": {
				"north": {"uv": [11, 0.41667, 11.7252, 11.874], "texture": "#2"},
				"east": {"uv": [0, 0, 0.1, 8.33333], "texture": "#2"},
				"south": {"uv": [0, 0, 0.1, 8.33333], "texture": "#2"},
				"west": {"uv": [0, 0, 0.1, 8.33333], "texture": "#2"},
				"up": {"uv": [0, 0, 0.1, 0.16667], "texture": "#2"},
				"down": {"uv": [0, 0, 0.1, 0.16667], "texture": "#2"}
			}
		},
		{
			"from": [31.5872, 3.744, -3.232],
			"to": [31.9616, 22.464, -2.8576],
			"rotation": {"angle": 0, "axis": "y", "origin": [8, 10.4832, 8]},
			"faces": {
				"north": {"uv": [10.8752, 0, 11.9752, 11.45733], "texture": "#2"},
				"east": {"uv": [0, 0, 0.1, 8.33333], "texture": "#2"},
				"south": {"uv": [0, 0, 0.1, 8.33333], "texture": "#2"},
				"west": {"uv": [0, 0, 0.1, 8.33333], "texture": "#2"},
				"up": {"uv": [0, 0, 0.1, 0.16667], "texture": "#2"},
				"down": {"uv": [0, 0, 0.1, 0.16667], "texture": "#2"}
			}
		},
		{
			"from": [-15.5872, 3.744, -3.232],
			"to": [-15.2128, 4.1184, -2.8576],
			"rotation": {"angle": 0, "axis": "y", "origin": [8, 10.4832, 8]},
			"faces": {
				"north": {"uv": [0, 0, 0.1, 0.16667], "texture": "#2"},
				"east": {"uv": [0, 0, 0.1, 0.16667], "texture": "#2"},
				"south": {"uv": [0, 0, 0.1, 0.16667], "texture": "#2"},
				"west": {"uv": [0, 0, 0.1, 0.16667], "texture": "#2"},
				"up": {"uv": [0, 0, 0.1, 0.16667], "texture": "#2"},
				"down": {"uv": [0, 0, 0.1, 0.16667], "texture": "#2"}
			}
		},
		{
			"from": [31.2128, 3.744, -3.232],
			"to": [31.5872, 4.1184, -2.8576],
			"rotation": {"angle": 0, "axis": "y", "origin": [8, 10.4832, 8]},
			"faces": {
				"north": {"uv": [0, 0, 0.1, 0.16667], "texture": "#2"},
				"east": {"uv": [0, 0, 0.1, 0.16667], "texture": "#2"},
				"south": {"uv": [0, 0, 0.1, 0.16667], "texture": "#2"},
				"west": {"uv": [0, 0, 0.1, 0.16667], "texture": "#2"},
				"up": {"uv": [0, 0, 0.1, 0.16667], "texture": "#2"},
				"down": {"uv": [0, 0, 0.1, 0.16667], "texture": "#2"}
			}
		},
		{
			"from": [-15.2128, 2.9952, -3.232],
			"to": [-14.8384, 4.1184, -2.8576],
			"rotation": {"angle": 0, "axis": "y", "origin": [8, 10.4832, 8]},
			"faces": {
				"north": {"uv": [0, 0, 0.1, 0.5], "texture": "#2"},
				"east": {"uv": [0, 0, 0.1, 0.5], "texture": "#2"},
				"south": {"uv": [0, 0, 0.1, 0.5], "texture": "#2"},
				"west": {"uv": [0, 0, 0.1, 0.5], "texture": "#2"},
				"up": {"uv": [0, 0, 0.1, 0.16667], "texture": "#2"},
				"down": {"uv": [0, 0, 0.1, 0.16667], "texture": "#2"}
			}
		},
		{
			"from": [30.8384, 2.9952, -3.232],
			"to": [31.2128, 4.1184, -2.8576],
			"rotation": {"angle": 0, "axis": "y", "origin": [8, 10.4832, 8]},
			"faces": {
				"north": {"uv": [0, 0, 0.1, 0.5], "texture": "#2"},
				"east": {"uv": [0, 0, 0.1, 0.5], "texture": "#2"},
				"south": {"uv": [0, 0, 0.1, 0.5], "texture": "#2"},
				"west": {"uv": [0, 0, 0.1, 0.5], "texture": "#2"},
				"up": {"uv": [0, 0, 0.1, 0.16667], "texture": "#2"},
				"down": {"uv": [0, 0, 0.1, 0.16667], "texture": "#2"}
			}
		},
		{
			"from": [-14.8384, 2.9952, -3.232],
			"to": [-14.464, 3.3696, -2.8576],
			"rotation": {"angle": 0, "axis": "y", "origin": [8, 10.4832, 8]},
			"faces": {
				"north": {"uv": [0, 0, 0.1, 0.16667], "texture": "#2"},
				"east": {"uv": [0, 0, 0.1, 0.16667], "texture": "#2"},
				"south": {"uv": [0, 0, 0.1, 0.16667], "texture": "#2"},
				"west": {"uv": [0, 0, 0.1, 0.16667], "texture": "#2"},
				"up": {"uv": [0, 0, 0.1, 0.16667], "texture": "#2"},
				"down": {"uv": [0, 0, 0.1, 0.16667], "texture": "#2"}
			}
		},
		{
			"from": [30.464, 2.9952, -3.232],
			"to": [30.8384, 3.3696, -2.8576],
			"rotation": {"angle": 0, "axis": "y", "origin": [8, 10.4832, 8]},
			"faces": {
				"north": {"uv": [0, 0, 0.1, 0.16667], "texture": "#2"},
				"east": {"uv": [0, 0, 0.1, 0.16667], "texture": "#2"},
				"south": {"uv": [0, 0, 0.1, 0.16667], "texture": "#2"},
				"west": {"uv": [0, 0, 0.1, 0.16667], "texture": "#2"},
				"up": {"uv": [0, 0, 0.1, 0.16667], "texture": "#2"},
				"down": {"uv": [0, 0, 0.1, 0.16667], "texture": "#2"}
			}
		},
		{
			"from": [-14.464, 2.6208, -3.232],
			"to": [-14.0896, 3.3696, -2.8576],
			"rotation": {"angle": 0, "axis": "y", "origin": [8, 10.4832, 8]},
			"faces": {
				"north": {"uv": [0, 0, 0.1, 0.33333], "texture": "#2"},
				"east": {"uv": [0, 0, 0.1, 0.33333], "texture": "#2"},
				"south": {"uv": [0, 0, 0.1, 0.33333], "texture": "#2"},
				"west": {"uv": [0, 0, 0.1, 0.33333], "texture": "#2"},
				"up": {"uv": [0, 0, 0.1, 0.16667], "texture": "#2"},
				"down": {"uv": [0, 0, 0.1, 0.16667], "texture": "#2"}
			}
		},
		{
			"from": [30.0896, 2.6208, -3.232],
			"to": [30.464, 3.3696, -2.8576],
			"rotation": {"angle": 0, "axis": "y", "origin": [8, 10.4832, 8]},
			"faces": {
				"north": {"uv": [0, 0, 0.1, 0.33333], "texture": "#2"},
				"east": {"uv": [0, 0, 0.1, 0.33333], "texture": "#2"},
				"south": {"uv": [0, 0, 0.1, 0.33333], "texture": "#2"},
				"west": {"uv": [0, 0, 0.1, 0.33333], "texture": "#2"},
				"up": {"uv": [0, 0, 0.1, 0.16667], "texture": "#2"},
				"down": {"uv": [0, 0, 0.1, 0.16667], "texture": "#2"}
			}
		},
		{
			"from": [-14.0896, 2.2464, -3.232],
			"to": [-13.7152, 2.9952, -2.8576],
			"rotation": {"angle": 0, "axis": "y", "origin": [8, 10.4832, 8]},
			"faces": {
				"north": {"uv": [0, 0, 0.1, 0.33333], "texture": "#2"},
				"east": {"uv": [0, 0, 0.1, 0.33333], "texture": "#2"},
				"south": {"uv": [0, 0, 0.1, 0.33333], "texture": "#2"},
				"west": {"uv": [0, 0, 0.1, 0.33333], "texture": "#2"},
				"up": {"uv": [0, 0, 0.1, 0.16667], "texture": "#2"},
				"down": {"uv": [0, 0, 0.1, 0.16667], "texture": "#2"}
			}
		},
		{
			"from": [29.7152, 2.2464, -3.232],
			"to": [30.0896, 2.9952, -2.8576],
			"rotation": {"angle": 0, "axis": "y", "origin": [8, 10.4832, 8]},
			"faces": {
				"north": {"uv": [0, 0, 0.1, 0.33333], "texture": "#2"},
				"east": {"uv": [0, 0, 0.1, 0.33333], "texture": "#2"},
				"south": {"uv": [0, 0, 0.1, 0.33333], "texture": "#2"},
				"west": {"uv": [0, 0, 0.1, 0.33333], "texture": "#2"},
				"up": {"uv": [0, 0, 0.1, 0.16667], "texture": "#2"},
				"down": {"uv": [0, 0, 0.1, 0.16667], "texture": "#2"}
			}
		},
		{
			"from": [-13.7152, 1.4976, -3.232],
			"to": [-13.3408, 2.6208, -2.8576],
			"rotation": {"angle": 0, "axis": "y", "origin": [8, 10.4832, 8]},
			"faces": {
				"north": {"uv": [0, 0, 0.1, 0.5], "texture": "#2"},
				"east": {"uv": [0, 0, 0.1, 0.5], "texture": "#2"},
				"south": {"uv": [0, 0, 0.1, 0.5], "texture": "#2"},
				"west": {"uv": [0, 0, 0.1, 0.5], "texture": "#2"},
				"up": {"uv": [0, 0, 0.1, 0.16667], "texture": "#2"},
				"down": {"uv": [0, 0, 0.1, 0.16667], "texture": "#2"}
			}
		},
		{
			"from": [29.3408, 1.4976, -3.232],
			"to": [29.7152, 2.6208, -2.8576],
			"rotation": {"angle": 0, "axis": "y", "origin": [8, 10.4832, 8]},
			"faces": {
				"north": {"uv": [0, 0, 0.1, 0.5], "texture": "#2"},
				"east": {"uv": [0, 0, 0.1, 0.5], "texture": "#2"},
				"south": {"uv": [0, 0, 0.1, 0.5], "texture": "#2"},
				"west": {"uv": [0, 0, 0.1, 0.5], "texture": "#2"},
				"up": {"uv": [0, 0, 0.1, 0.16667], "texture": "#2"},
				"down": {"uv": [0, 0, 0.1, 0.16667], "texture": "#2"}
			}
		},
		{
			"from": [-13.3408, 0.7488, -3.232],
			"to": [-12.9664, 1.872, -2.8576],
			"rotation": {"angle": 0, "axis": "y", "origin": [8, 10.4832, 8]},
			"faces": {
				"north": {"uv": [0, 0, 0.1, 0.5], "texture": "#2"},
				"east": {"uv": [0, 0, 0.1, 0.5], "texture": "#2"},
				"south": {"uv": [0, 0, 0.1, 0.5], "texture": "#2"},
				"west": {"uv": [0, 0, 0.1, 0.5], "texture": "#2"},
				"up": {"uv": [0, 0, 0.1, 0.16667], "texture": "#2"},
				"down": {"uv": [0, 0, 0.1, 0.16667], "texture": "#2"}
			}
		},
		{
			"from": [28.9664, 0.7488, -3.232],
			"to": [29.3408, 1.872, -2.8576],
			"rotation": {"angle": 0, "axis": "y", "origin": [8, 10.4832, 8]},
			"faces": {
				"north": {"uv": [0, 0, 0.1, 0.5], "texture": "#2"},
				"east": {"uv": [0, 0, 0.1, 0.5], "texture": "#2"},
				"south": {"uv": [0, 0, 0.1, 0.5], "texture": "#2"},
				"west": {"uv": [0, 0, 0.1, 0.5], "texture": "#2"},
				"up": {"uv": [0, 0, 0.1, 0.16667], "texture": "#2"},
				"down": {"uv": [0, 0, 0.1, 0.16667], "texture": "#2"}
			}
		},
		{
			"from": [-12.9664, 0.7488, -3.232],
			"to": [-12.592, 1.1232, -2.8576],
			"rotation": {"angle": 0, "axis": "y", "origin": [8, 10.4832, 8]},
			"faces": {
				"north": {"uv": [0, 0, 0.1, 0.16667], "texture": "#2"},
				"east": {"uv": [0, 0, 0.1, 0.16667], "texture": "#2"},
				"south": {"uv": [0, 0, 0.1, 0.16667], "texture": "#2"},
				"west": {"uv": [0, 0, 0.1, 0.16667], "texture": "#2"},
				"up": {"uv": [0, 0, 0.1, 0.16667], "texture": "#2"},
				"down": {"uv": [0, 0, 0.1, 0.16667], "texture": "#2"}
			}
		},
		{
			"from": [28.592, 0.7488, -3.232],
			"to": [28.9664, 1.1232, -2.8576],
			"rotation": {"angle": 0, "axis": "y", "origin": [8, 10.4832, 8]},
			"faces": {
				"north": {"uv": [0, 0, 0.1, 0.16667], "texture": "#2"},
				"east": {"uv": [0, 0, 0.1, 0.16667], "texture": "#2"},
				"south": {"uv": [0, 0, 0.1, 0.16667], "texture": "#2"},
				"west": {"uv": [0, 0, 0.1, 0.16667], "texture": "#2"},
				"up": {"uv": [0, 0, 0.1, 0.16667], "texture": "#2"},
				"down": {"uv": [0, 0, 0.1, 0.16667], "texture": "#2"}
			}
		},
		{
			"from": [-12.592, 0, -3.232],
			"to": [-12.2176, 1.1232, -2.8576],
			"rotation": {"angle": 0, "axis": "y", "origin": [8, 10.4832, 8]},
			"faces": {
				"north": {"uv": [0, 0, 0.1, 0.5], "texture": "#2"},
				"east": {"uv": [0, 0, 0.1, 0.5], "texture": "#2"},
				"south": {"uv": [0, 0, 0.1, 0.5], "texture": "#2"},
				"west": {"uv": [0, 0, 0.1, 0.5], "texture": "#2"},
				"up": {"uv": [0, 0, 0.1, 0.16667], "texture": "#2"},
				"down": {"uv": [0, 0, 0.1, 0.16667], "texture": "#2"}
			}
		},
		{
			"from": [28.2176, 0, -3.232],
			"to": [28.592, 1.1232, -2.8576],
			"rotation": {"angle": 0, "axis": "y", "origin": [8, 10.4832, 8]},
			"faces": {
				"north": {"uv": [0, 0, 0.1, 0.5], "texture": "#2"},
				"east": {"uv": [0, 0, 0.1, 0.5], "texture": "#2"},
				"south": {"uv": [0, 0, 0.1, 0.5], "texture": "#2"},
				"west": {"uv": [0, 0, 0.1, 0.5], "texture": "#2"},
				"up": {"uv": [0, 0, 0.1, 0.16667], "texture": "#2"},
				"down": {"uv": [0, 0, 0.1, 0.16667], "texture": "#2"}
			}
		},
		{
			"from": [-11.8432, 0.7488, -3.232],
			"to": [27.8432, 25.8336, -2.8576],
			"rotation": {"angle": 0, "axis": "y", "origin": [8, 10.4832, 8]},
			"faces": {
				"north": {"uv": [5.4406, 4.087, 11.325, 12.08366], "texture": "#3"},
				"east": {"uv": [0, 0, 0.1, 11.16667], "texture": "#3"},
				"south": {"uv": [0, 0, 10.6, 11.16667], "texture": "#3"},
				"west": {"uv": [0.4, 4.14267, 1.614, 13.022], "texture": "#3"},
				"up": {"uv": [0, 0, 10.6, 0.16667], "texture": "#3"},
				"down": {"uv": [0, 0, 10.6, 0.16667], "texture": "#3"}
			}
		},
		{
			"from": [27.8432, 4.1184, -3.232],
			"to": [31.5872, 22.464, -2.8576],
			"rotation": {"angle": 0, "axis": "y", "origin": [8, 10.4832, 8]},
			"faces": {
				"north": {"uv": [4.7964, 5, 5.6944, 9.33467], "texture": "#0"},
				"east": {"uv": [0, 0, 0.1, 8.16667], "texture": "#0"},
				"south": {"uv": [0, 0, 1, 8.16667], "texture": "#0"},
				"west": {"uv": [0, 0, 0.1, 8.16667], "texture": "#0"},
				"up": {"uv": [0, 0, 1, 0.16667], "texture": "#0"},
				"down": {"uv": [0, 0, 1, 0.16667], "texture": "#0"}
			}
		},
		{
			"from": [-15.5872, 4.1184, -3.232],
			"to": [-11.8432, 22.464, -2.8576],
			"rotation": {"angle": 0, "axis": "y", "origin": [8, 10.4832, 8]},
			"faces": {
				"north": {"uv": [11.2966, 5.04767, 11.797, 10.95434], "texture": "#3"},
				"east": {"uv": [0, 0, 0.1, 8.16667], "texture": "#3"},
				"south": {"uv": [0, 0, 1, 8.16667], "texture": "#3"},
				"west": {"uv": [0, 0, 0.1, 8.16667], "texture": "#3"},
				"up": {"uv": [0, 0, 1, 0.16667], "texture": "#3"},
				"down": {"uv": [0, 0, 1, 0.16667], "texture": "#3"}
			}
		},
		{
			"from": [-12.9664, 1.4976, -3.232],
			"to": [-11.8432, 4.1184, -2.8576],
			"rotation": {"angle": 0, "axis": "y", "origin": [8, 10.4832, 8]},
			"faces": {
				"north": {"uv": [10.8944, 9.58067, 11.6044, 10.84933], "texture": "#0"},
				"east": {"uv": [0, 0, 0.1, 1.16667], "texture": "#0"},
				"south": {"uv": [0, 0, 0.3, 1.16667], "texture": "#0"},
				"west": {"uv": [0, 0, 0.1, 1.16667], "texture": "#0"},
				"up": {"uv": [0, 0, 0.3, 0.16667], "texture": "#0"},
				"down": {"uv": [0, 0, 0.3, 0.16667], "texture": "#0"}
			}
		},
		{
			"from": [27.8432, 1.4976, -3.232],
			"to": [28.9664, 4.1184, -2.8576],
			"rotation": {"angle": 0, "axis": "y", "origin": [8, 10.4832, 8]},
			"faces": {
				"north": {"uv": [5.6412, 8.15133, 5.8944, 9.146], "texture": "#0"},
				"east": {"uv": [0, 0, 0.1, 1.16667], "texture": "#0"},
				"south": {"uv": [0, 0, 0.3, 1.16667], "texture": "#0"},
				"west": {"uv": [0, 0, 0.1, 1.16667], "texture": "#0"},
				"up": {"uv": [0, 0, 0.3, 0.16667], "texture": "#0"},
				"down": {"uv": [0, 0, 0.3, 0.16667], "texture": "#0"}
			}
		},
		{
			"from": [-12.9664, 22.464, -3.232],
			"to": [-11.8432, 25.0848, -2.8576],
			"rotation": {"angle": 0, "axis": "y", "origin": [8, 10.4832, 8]},
			"faces": {
				"north": {"uv": [11.0952, 3.238, 11.644, 4.68133], "texture": "#0"},
				"east": {"uv": [0, 0, 0.1, 1.16667], "texture": "#0"},
				"south": {"uv": [0, 0, 0.3, 1.16667], "texture": "#0"},
				"west": {"uv": [0, 0, 0.1, 1.16667], "texture": "#0"},
				"up": {"uv": [0, 0, 0.3, 0.16667], "texture": "#0"},
				"down": {"uv": [0, 0, 0.3, 0.16667], "texture": "#0"}
			}
		},
		{
			"from": [27.8432, 22.464, -3.232],
			"to": [28.9664, 25.0848, -2.8576],
			"rotation": {"angle": 0, "axis": "y", "origin": [8, 10.4832, 8]},
			"faces": {
				"north": {"uv": [5.5876, 3.66267, 7.4208, 5.192], "texture": "#0"},
				"east": {"uv": [0, 0, 0.1, 1.16667], "texture": "#0"},
				"south": {"uv": [0, 0, 0.3, 1.16667], "texture": "#0"},
				"west": {"uv": [0, 0, 0.1, 1.16667], "texture": "#0"},
				"up": {"uv": [0, 0, 0.3, 0.16667], "texture": "#0"},
				"down": {"uv": [0, 0, 0.3, 0.16667], "texture": "#0"}
			}
		},
		{
			"from": [-13.7152, 2.6208, -3.232],
			"to": [-12.9664, 4.1184, -2.8576],
			"rotation": {"angle": 0, "axis": "y", "origin": [8, 10.4832, 8]},
			"faces": {
				"north": {"uv": [11.2964, 7.92733, 12.0688, 8.93133], "texture": "#0"},
				"east": {"uv": [0, 0, 0.1, 0.66667], "texture": "#0"},
				"south": {"uv": [0, 0, 0.2, 0.66667], "texture": "#0"},
				"west": {"uv": [0, 0, 0.1, 0.66667], "texture": "#0"},
				"up": {"uv": [0, 0, 0.2, 0.16667], "texture": "#0"},
				"down": {"uv": [0, 0, 0.2, 0.16667], "texture": "#0"}
			}
		},
		{
			"from": [28.9664, 2.6208, -3.232],
			"to": [29.7152, 4.1184, -2.8576],
			"rotation": {"angle": 0, "axis": "y", "origin": [8, 10.4832, 8]},
			"faces": {
				"north": {"uv": [5.7484, 8.66467, 6.2652, 9.42], "texture": "#0"},
				"east": {"uv": [0, 0, 0.1, 0.66667], "texture": "#0"},
				"south": {"uv": [0, 0, 0.2, 0.66667], "texture": "#0"},
				"west": {"uv": [0, 0, 0.1, 0.66667], "texture": "#0"},
				"up": {"uv": [0, 0, 0.2, 0.16667], "texture": "#0"},
				"down": {"uv": [0, 0, 0.2, 0.16667], "texture": "#0"}
			}
		},
		{
			"name": "Property Of Herican",
			"from": [-13.7152, 22.464, -3.232],
			"to": [-12.9664, 23.9616, -2.8576],
			"rotation": {"angle": 0, "axis": "y", "origin": [8, 10.4832, 8]},
			"faces": {
				"north": {"uv": [10.8944, 4.48867, 11.3684, 5.17333], "texture": "#0"},
				"east": {"uv": [0, 0, 0.1, 0.66667], "texture": "#0"},
				"south": {"uv": [0, 0, 0.2, 0.66667], "texture": "#0"},
				"west": {"uv": [0, 0, 0.1, 0.66667], "texture": "#0"},
				"up": {"uv": [0, 0, 0.2, 0.16667], "texture": "#0"},
				"down": {"uv": [0, 0, 0.2, 0.16667], "texture": "#0"}
			}
		},
		{
			"from": [28.9664, 22.464, -3.232],
			"to": [29.7152, 23.9616, -2.8576],
			"rotation": {"angle": 0, "axis": "y", "origin": [8, 10.4832, 8]},
			"faces": {
				"north": {"uv": [5.7484, 3.90867, 6.222, 4.59267], "texture": "#0"},
				"east": {"uv": [0, 0, 0.1, 0.66667], "texture": "#0"},
				"south": {"uv": [0, 0, 0.2, 0.66667], "texture": "#0"},
				"west": {"uv": [0, 0, 0.1, 0.66667], "texture": "#0"},
				"up": {"uv": [0, 0, 0.2, 0.16667], "texture": "#0"},
				"down": {"uv": [0, 0, 0.2, 0.16667], "texture": "#0"}
			}
		},
		{
			"from": [-14.464, 3.3696, -3.232],
			"to": [-13.7152, 4.1184, -2.8576],
			"rotation": {"angle": 0, "axis": "y", "origin": [8, 10.4832, 8]},
			"faces": {
				"north": {"uv": [11.4964, 9.33333, 11.6288, 9.576], "texture": "#0"},
				"east": {"uv": [0, 0, 0.1, 0.33333], "texture": "#0"},
				"south": {"uv": [0, 0, 0.2, 0.33333], "texture": "#0"},
				"west": {"uv": [0, 0, 0.1, 0.33333], "texture": "#0"},
				"up": {"uv": [0, 0, 0.2, 0.16667], "texture": "#0"},
				"down": {"uv": [0, 0, 0.2, 0.16667], "texture": "#0"}
			}
		},
		{
			"from": [29.7152, 3.3696, -3.232],
			"to": [30.464, 4.1184, -2.8576],
			"rotation": {"angle": 0, "axis": "y", "origin": [8, 10.4832, 8]},
			"faces": {
				"north": {"uv": [5.9896, 9.492, 6.12, 9.73333], "texture": "#0"},
				"east": {"uv": [0, 0, 0.1, 0.33333], "texture": "#0"},
				"south": {"uv": [0, 0, 0.2, 0.33333], "texture": "#0"},
				"west": {"uv": [0, 0, 0.1, 0.33333], "texture": "#0"},
				"up": {"uv": [0, 0, 0.2, 0.16667], "texture": "#0"},
				"down": {"uv": [0, 0, 0.2, 0.16667], "texture": "#0"}
			}
		},
		{
			"from": [-14.464, 22.464, -3.232],
			"to": [-13.7152, 23.2128, -2.8576],
			"rotation": {"angle": 0, "axis": "y", "origin": [8, 10.4832, 8]},
			"faces": {
				"north": {"uv": [10.6632, 3.90533, 11.6808, 4.74933], "texture": "#0"},
				"east": {"uv": [0, 0, 0.1, 0.33333], "texture": "#0"},
				"south": {"uv": [0, 0, 0.2, 0.33333], "texture": "#0"},
				"west": {"uv": [0, 0, 0.1, 0.33333], "texture": "#0"},
				"up": {"uv": [0, 0, 0.2, 0.16667], "texture": "#0"},
				"down": {"uv": [0, 0, 0.2, 0.16667], "texture": "#0"}
			}
		},
		{
			"from": [29.7152, 22.464, -3.232],
			"to": [30.464, 23.2128, -2.8576],
			"rotation": {"angle": 0, "axis": "y", "origin": [8, 10.4832, 8]},
			"faces": {
				"north": {"uv": [5.3868, 4.578, 6.4044, 5.422], "texture": "#0"},
				"east": {"uv": [0, 0, 0.1, 0.33333], "texture": "#0"},
				"south": {"uv": [0, 0, 0.2, 0.33333], "texture": "#0"},
				"west": {"uv": [0, 0, 0.1, 0.33333], "texture": "#0"},
				"up": {"uv": [0, 0, 0.2, 0.16667], "texture": "#0"},
				"down": {"uv": [0, 0, 0.2, 0.16667], "texture": "#0"}
			}
		},
		{
			"from": [27.65, 22.15, -3.5],
			"to": [28.15, 22.65, 2.25],
			"rotation": {"angle": 0, "axis": "y", "origin": [34.9, 29.65, 3.75]},
			"faces": {
				"north": {"uv": [10.6252, 14.16667, 10.8252, 14.49933], "texture": "#2"},
				"east": {"uv": [0, 0, 0.2, 0.33333], "texture": "#2"},
				"south": {"uv": [0, 0, 0.2, 0.33333], "texture": "#2"},
				"west": {"uv": [0, 0, 0.2, 0.33333], "texture": "#2"},
				"up": {"uv": [0, 0, 0.2, 0.33333], "texture": "#2"},
				"down": {"uv": [0, 0, 0.2, 0.33333], "texture": "#2"}
			}
		},
		{
			"from": [-12.1, 22.15, -3.5],
			"to": [-11.6, 22.65, 1.25],
			"rotation": {"angle": 0, "axis": "y", "origin": [-4.85, 29.65, 3.75]},
			"faces": {
				"north": {"uv": [11, 10.83333, 11.2, 11.166], "texture": "#2"},
				"east": {"uv": [0, 0, 0.2, 0.33333], "texture": "#2"},
				"south": {"uv": [0, 0, 0.2, 0.33333], "texture": "#2"},
				"west": {"uv": [0, 0, 0.2, 0.33333], "texture": "#2"},
				"up": {"uv": [0, 0, 0.2, 0.33333], "texture": "#2"},
				"down": {"uv": [0, 0, 0.2, 0.33333], "texture": "#2"}
			}
		},
		{
			"from": [27.65, 3.9, -3.5],
			"to": [28.15, 4.4, 2],
			"rotation": {"angle": 0, "axis": "y", "origin": [34.9, 11.4, 3.75]},
			"faces": {
				"north": {"uv": [11.3752, 10.41667, 11.5752, 10.74933], "texture": "#2"},
				"east": {"uv": [0, 0, 0.2, 0.33333], "texture": "#2"},
				"south": {"uv": [0, 0, 0.2, 0.33333], "texture": "#2"},
				"west": {"uv": [0, 0, 0.2, 0.33333], "texture": "#2"},
				"up": {"uv": [0, 0, 0.2, 0.33333], "texture": "#2"},
				"down": {"uv": [0, 0, 0.2, 0.33333], "texture": "#2"}
			}
		},
		{
			"from": [-12.1, 3.9, -3.5],
			"to": [-11.6, 4.4, 1.5],
			"rotation": {"angle": 0, "axis": "y", "origin": [-4.85, 11.15, 3.75]},
			"faces": {
				"north": {"uv": [0, 0, 0.2, 0.33333], "texture": "#2"},
				"east": {"uv": [0, 0, 0.2, 0.33333], "texture": "#2"},
				"south": {"uv": [0, 0, 0.2, 0.33333], "texture": "#2"},
				"west": {"uv": [0, 0, 0.2, 0.33333], "texture": "#2"},
				"up": {"uv": [10.8752, 10.83333, 11.0752, 11.166], "texture": "#2"},
				"down": {"uv": [0, 0, 0.2, 0.33333], "texture": "#2"}
			}
		}
	],
	"display": {
		"head": {
			"translation": [0, -22, 12.13],
			"scale": [1.5, 1.66, 1]
		}
	}
}