{
	"credit": "Made with Blockbench",
	"textures": {
		"1": "block_x/black texture",
		"2": "block_x/gray",
		"3": "block_x/silver",
		"4": "block_x/light gray",
		"5": "block_x/gray (2)",
		"6": "block_x/red_concrete_powder",
		"7": "block_x/green",
		"8": "block_x/image0 - Copy",
		"particle": "block_x/gray"
	},
	"elements": [
		{
			"from": [3, 0, 1],
			"to": [12, 2, 6.2],
			"rotation": {"angle": 0, "axis": "y", "origin": [16, 8, 12]},
			"faces": {
				"north": {"uv": [0, 0, 9, 2], "texture": "#5"},
				"east": {"uv": [0, 0, 7, 2], "texture": "#5"},
				"south": {"uv": [0, 0, 9, 2], "texture": "#5"},
				"west": {"uv": [0, 0, 7, 2], "texture": "#5"},
				"up": {"uv": [0.061, 14.068, 16, 14.551], "texture": "#5"},
				"down": {"uv": [0, 0, 9, 7], "texture": "#5"}
			}
		},
		{
			"from": [7.2, 2, 1.6],
			"to": [7.9, 8.9, 2.1],
			"rotation": {"angle": 0, "axis": "y", "origin": [7, 10, 10.4]},
			"faces": {
				"north": {"uv": [7.561, 0, 11.125, 7.269], "texture": "#3"},
				"east": {"uv": [0, 0, 1, 7], "texture": "#3"},
				"south": {"uv": [0, 0, 1, 7], "texture": "#3"},
				"west": {"uv": [0, 0, 1, 7], "texture": "#3"},
				"up": {"uv": [0, 0, 2, 1], "texture": "#3"},
				"down": {"uv": [0, 0, 1, 1], "texture": "#3"}
			}
		},
		{
			"from": [4.9, 2, 0.95],
			"to": [10.2, 2.4, 3.1],
			"rotation": {"angle": 0, "axis": "y", "origin": [7, 10, 11.4]},
			"faces": {
				"north": {"uv": [0, 0, 1, 7], "texture": "#3"},
				"east": {"uv": [0, 0, 1, 7], "texture": "#3"},
				"south": {"uv": [0, 0, 1, 7], "texture": "#3"},
				"west": {"uv": [0, 0, 1, 7], "texture": "#3"},
				"up": {"uv": [8.168, 0, 10.302, 1.607], "texture": "#3"},
				"down": {"uv": [0, 0, 1, 1], "texture": "#3"}
			}
		},
		{
			"from": [13.2, 0, 3.3],
			"to": [14.7, 0.8, 4.7],
			"rotation": {"angle": 0, "axis": "y", "origin": [13, 8, 10.4]},
			"faces": {
				"north": {"uv": [0, 0, 1, 7], "texture": "#5"},
				"east": {"uv": [0, 0, 1, 7], "texture": "#5"},
				"south": {"uv": [0, 0, 1, 7], "texture": "#5"},
				"west": {"uv": [0, 0, 1, 7], "texture": "#5"},
				"up": {"uv": [11.955, 13.705, 13.955, 14.705], "texture": "#5"},
				"down": {"uv": [0, 0, 1, 1], "texture": "#5"}
			}
		},
		{
			"from": [4, 10.85, 2.7],
			"to": [11.1, 11.35, 3.4],
			"rotation": {"angle": 0, "axis": "y", "origin": [11.5, 18.85, 10.7]},
			"faces": {
				"north": {"uv": [0, 0, 7.1, 0.5], "texture": "#5"},
				"east": {"uv": [0, 0, 0.7, 0.5], "texture": "#5"},
				"south": {"uv": [0, 2.234, 7.1, 3.278], "texture": "#5"},
				"west": {"uv": [0, 0, 0.7, 0.5], "texture": "#5"},
				"up": {"uv": [0, 0, 7.1, 0.7], "texture": "#5"},
				"down": {"uv": [0, 0, 7.1, 0.7], "texture": "#5"}
			}
		},
		{
			"from": [4, 4.85, 2.7],
			"to": [11.1, 5.35, 3.4],
			"rotation": {"angle": 0, "axis": "y", "origin": [11.5, 12.85, 10.7]},
			"faces": {
				"north": {"uv": [0, 0, 7.1, 0.5], "texture": "#5"},
				"east": {"uv": [0, 0, 0.7, 0.5], "texture": "#5"},
				"south": {"uv": [2.476, 13.101, 9.575, 13.601], "texture": "#5"},
				"west": {"uv": [0, 0, 0.7, 0.5], "texture": "#5"},
				"up": {"uv": [0, 0, 7.1, 0.7], "texture": "#5"},
				"down": {"uv": [0, 0, 7.1, 0.7], "texture": "#5"}
			}
		},
		{
			"from": [3.5, 4.85, 2.7],
			"to": [4, 11.35, 3.4],
			"rotation": {"angle": 0, "axis": "y", "origin": [11.5, 4.85, 10.7]},
			"faces": {
				"north": {"uv": [0, 0, 6.5, 0.5], "rotation": 270, "texture": "#5"},
				"east": {"uv": [0, 0, 6.5, 0.7], "rotation": 90, "texture": "#5"},
				"south": {"uv": [0, 4.166, 6.5, 4.907], "rotation": 90, "texture": "#5"},
				"west": {"uv": [0, 0, 6.5, 0.7], "rotation": 90, "texture": "#5"},
				"up": {"uv": [0, 0, 0.7, 0.5], "rotation": 90, "texture": "#5"},
				"down": {"uv": [0, 0, 0.7, 0.5], "rotation": 90, "texture": "#5"}
			}
		},
		{
			"from": [11.1, 4.85, 2.7],
			"to": [11.6, 11.35, 3.4],
			"rotation": {"angle": 0, "axis": "y", "origin": [19.1, 4.85, 10.7]},
			"faces": {
				"north": {"uv": [0, 0, 6.5, 0.5], "rotation": 270, "texture": "#5"},
				"east": {"uv": [0, 0, 6.5, 0.7], "rotation": 90, "texture": "#5"},
				"south": {"uv": [0, 4.226, 6.5, 4.847], "rotation": 90, "texture": "#5"},
				"west": {"uv": [0, 0, 6.5, 0.7], "rotation": 90, "texture": "#5"},
				"up": {"uv": [0, 0, 0.7, 0.5], "rotation": 90, "texture": "#5"},
				"down": {"uv": [0, 0, 0.7, 0.5], "rotation": 90, "texture": "#5"}
			}
		},
		{
			"from": [4, 5.3, 3.1],
			"to": [11.1, 10.9, 3.2],
			"rotation": {"angle": 0, "axis": "y", "origin": [8, 8.5, 10.2]},
			"faces": {
				"north": {"uv": [0, 0, 7.1, 5.6], "texture": "#1"},
				"east": {"uv": [0, 0, 0.1, 5.6], "texture": "#1"},
				"south": {"uv": [0, 0, 7.1, 5.6], "texture": "#1"},
				"west": {"uv": [0, 0, 0.1, 5.6], "texture": "#1"},
				"up": {"uv": [0, 0, 7.1, 0.1], "texture": "#1"},
				"down": {"uv": [0, 0, 7.1, 0.1], "texture": "#1"}
			}
		},
		{
			"from": [3.9, 5.3, 2],
			"to": [11.1, 10.9, 3],
			"rotation": {"angle": 0, "axis": "y", "origin": [18.1, 15, 10]},
			"faces": {
				"north": {"uv": [1.872, 0, 4.963, 3.545], "texture": "#5"},
				"east": {"uv": [0, 0, 1, 5.6], "texture": "#5"},
				"south": {"uv": [0, 0, 7.2, 5.6], "texture": "#5"},
				"west": {"uv": [0, 0, 1, 5.6], "texture": "#5"},
				"up": {"uv": [0, 0, 7.2, 1], "texture": "#5"},
				"down": {"uv": [0, 0, 7.2, 1], "texture": "#5"}
			}
		},
		{
			"from": [10.6, 5, 3.2],
			"to": [11, 5.3, 3.6],
			"rotation": {"angle": 0, "axis": "y", "origin": [18.6, 9.3, 11.2]},
			"faces": {
				"north": {"uv": [0, 0, 0.4, 0.3], "texture": "#7"},
				"east": {"uv": [0, 0, 0.4, 0.3], "texture": "#7"},
				"south": {"uv": [0, 0, 0.4, 0.3], "texture": "#7"},
				"west": {"uv": [0, 0, 0.4, 0.3], "texture": "#7"},
				"up": {"uv": [0, 0, 0.4, 0.4], "texture": "#7"},
				"down": {"uv": [0, 0, 0.4, 0.4], "texture": "#7"}
			}
		},
		{
			"from": [9.9, 5, 3.2],
			"to": [10.3, 5.3, 3.6],
			"rotation": {"angle": 0, "axis": "y", "origin": [17.9, 9.3, 11.2]},
			"faces": {
				"north": {"uv": [0, 0, 0.4, 0.3], "texture": "#6"},
				"east": {"uv": [0, 0, 0.4, 0.3], "texture": "#6"},
				"south": {"uv": [0, 0, 0.4, 0.3], "texture": "#6"},
				"west": {"uv": [0, 0, 0.4, 0.3], "texture": "#6"},
				"up": {"uv": [0, 0, 0.4, 0.4], "texture": "#6"},
				"down": {"uv": [0, 0, 0.4, 0.4], "texture": "#6"}
			}
		},
		{
			"from": [8.1, 0.8, 6.2],
			"to": [11.3, 1.1, 6.3],
			"rotation": {"angle": 0, "axis": "y", "origin": [18.9, 5.1, 14.2]},
			"faces": {
				"north": {"uv": [0, 0, 3.2, 0.3], "texture": "#2"},
				"east": {"uv": [0, 0, 0.1, 0.3], "texture": "#2"},
				"south": {"uv": [0, 0, 3.2, 0.3], "texture": "#2"},
				"west": {"uv": [0, 0, 0.1, 0.3], "texture": "#2"},
				"up": {"uv": [0, 0, 3.2, 0.1], "texture": "#2"},
				"down": {"uv": [0, 0, 3.2, 0.1], "texture": "#2"}
			}
		},
		{
			"from": [7, 0, 0.85],
			"to": [7.3, 2.1, 6.3],
			"rotation": {"angle": 0, "axis": "y", "origin": [11.3, -7.6, 14.1]},
			"faces": {
				"north": {"uv": [0, 0, 2.1, 0.3], "rotation": 270, "texture": "#4"},
				"east": {"uv": [0, 0, 2.1, 5.45], "rotation": 90, "texture": "#4"},
				"south": {"uv": [0, 0, 2.1, 0.3], "rotation": 90, "texture": "#4"},
				"west": {"uv": [0, 0, 2.1, 5.45], "rotation": 90, "texture": "#4"},
				"up": {"uv": [0, 0, 5.45, 0.3], "rotation": 90, "texture": "#4"},
				"down": {"uv": [0, 0, 5.45, 0.3], "rotation": 90, "texture": "#4"}
			}
		},
		{
			"from": [5.5, 0, 0.85],
			"to": [5.8, 2.1, 6.3],
			"rotation": {"angle": 0, "axis": "y", "origin": [9.8, -7.6, 14.1]},
			"faces": {
				"north": {"uv": [0, 0, 2.1, 0.3], "rotation": 270, "texture": "#4"},
				"east": {"uv": [0, 0, 2.1, 5.45], "rotation": 90, "texture": "#4"},
				"south": {"uv": [0, 0, 2.1, 0.3], "rotation": 90, "texture": "#4"},
				"west": {"uv": [0, 0, 2.1, 5.45], "rotation": 90, "texture": "#4"},
				"up": {"uv": [0, 0, 5.45, 0.3], "rotation": 90, "texture": "#4"},
				"down": {"uv": [0, 0, 5.45, 0.3], "rotation": 90, "texture": "#4"}
			}
		},
		{
			"from": [3.9, 0, 0.85],
			"to": [4.2, 2.1, 6.3],
			"rotation": {"angle": 0, "axis": "y", "origin": [8.2, -7.6, 14.1]},
			"faces": {
				"north": {"uv": [0, 0, 2.1, 0.3], "rotation": 270, "texture": "#4"},
				"east": {"uv": [0, 0, 2.1, 0.2], "rotation": 90, "texture": "#4"},
				"south": {"uv": [0, 0, 2.1, 0.3], "rotation": 90, "texture": "#4"},
				"west": {"uv": [0, 0, 2.1, 0.2], "rotation": 90, "texture": "#4"},
				"up": {"uv": [0, 0, 0.2, 0.3], "rotation": 90, "texture": "#4"},
				"down": {"uv": [0, 0, 0.2, 0.3], "rotation": 90, "texture": "#4"}
			}
		},
		{
			"from": [3.9, 0, 0.85],
			"to": [4.2, 2.1, 6.3],
			"rotation": {"angle": 0, "axis": "y", "origin": [8.2, -7.6, 14.1]},
			"faces": {
				"north": {"uv": [0, 0, 2.1, 0.3], "rotation": 270, "texture": "#4"},
				"east": {"uv": [0, 0, 2.1, 0.2], "rotation": 90, "texture": "#4"},
				"south": {"uv": [0, 0, 2.1, 0.3], "rotation": 90, "texture": "#4"},
				"west": {"uv": [0, 0, 2.1, 0.2], "rotation": 90, "texture": "#4"},
				"up": {"uv": [0, 0, 0.2, 0.3], "rotation": 90, "texture": "#4"},
				"down": {"uv": [0, 0, 0.2, 0.3], "rotation": 90, "texture": "#4"}
			}
		},
		{
			"from": [1.4, 0, 2.05],
			"to": [1.7, 0.45, 5.5],
			"rotation": {"angle": 0, "axis": "y", "origin": [5.7, -7.6, 14.1]},
			"faces": {
				"north": {"uv": [0, 0, 2.1, 0.3], "rotation": 270, "texture": "#4"},
				"east": {"uv": [0, 0, 2.1, 0.2], "rotation": 90, "texture": "#4"},
				"south": {"uv": [0, 0, 2.1, 0.3], "rotation": 90, "texture": "#4"},
				"west": {"uv": [0, 0, 2.1, 0.2], "rotation": 90, "texture": "#4"},
				"up": {"uv": [0, 0, 0.2, 0.3], "rotation": 90, "texture": "#4"},
				"down": {"uv": [0, 0, 0.2, 0.3], "rotation": 90, "texture": "#4"}
			}
		},
		{
			"from": [13.2, 0, 1],
			"to": [14.7, 0.15, 4.7],
			"rotation": {"angle": 0, "axis": "y", "origin": [21.8, 8, 10]},
			"faces": {
				"north": {"uv": [0, 0, 1.5, 0.15], "texture": "#1"},
				"east": {"uv": [0, 0, 3.7, 0.15], "texture": "#1"},
				"south": {"uv": [0, 0, 1.5, 0.15], "texture": "#1"},
				"west": {"uv": [0, 0, 3.7, 0.15], "texture": "#1"},
				"up": {"uv": [0, 0, 1.5, 3.7], "texture": "#1"},
				"down": {"uv": [0, 0, 1.5, 3.7], "texture": "#1"}
			}
		},
		{
			"from": [13.05, 0, 1],
			"to": [13.2, 0.6, 4.7],
			"rotation": {"angle": 0, "axis": "y", "origin": [5.2, 8.3, 10]},
			"faces": {
				"north": {"uv": [0, 0, 0.6, 0.15], "rotation": 90, "texture": "#2"},
				"east": {"uv": [0, 0, 0.6, 3.7], "rotation": 270, "texture": "#2"},
				"south": {"uv": [0, 0, 0.6, 0.15], "rotation": 270, "texture": "#2"},
				"west": {"uv": [0, 0, 0.6, 3.7], "rotation": 270, "texture": "#2"},
				"up": {"uv": [0, 0, 3.7, 0.15], "rotation": 270, "texture": "#2"},
				"down": {"uv": [0, 0, 3.7, 0.15], "rotation": 270, "texture": "#2"}
			}
		},
		{
			"from": [14.65, 0, 1],
			"to": [14.8, 0.6, 4.7],
			"rotation": {"angle": 0, "axis": "y", "origin": [6.75, 8.3, 10]},
			"faces": {
				"north": {"uv": [0, 0, 0.6, 0.15], "rotation": 90, "texture": "#2"},
				"east": {"uv": [0, 0, 0.6, 3.7], "rotation": 270, "texture": "#2"},
				"south": {"uv": [0, 0, 0.6, 0.15], "rotation": 270, "texture": "#2"},
				"west": {"uv": [0, 0, 0.6, 3.7], "rotation": 270, "texture": "#2"},
				"up": {"uv": [0, 0, 3.7, 0.15], "rotation": 270, "texture": "#2"},
				"down": {"uv": [0, 0, 3.7, 0.15], "rotation": 270, "texture": "#2"}
			}
		},
		{
			"from": [13.05, 0, 4.7],
			"to": [14.85, 0.6, 4.85],
			"rotation": {"angle": 0, "axis": "y", "origin": [6.95, 8.3, -3.2]},
			"faces": {
				"north": {"uv": [0, 0, 0.6, 1.8], "rotation": 270, "texture": "#2"},
				"east": {"uv": [0, 0, 0.6, 0.15], "rotation": 90, "texture": "#2"},
				"south": {"uv": [0, 0, 0.6, 1.8], "rotation": 270, "texture": "#2"},
				"west": {"uv": [0, 0, 0.6, 0.15], "rotation": 270, "texture": "#2"},
				"up": {"uv": [0, 0, 1.8, 0.15], "texture": "#2"},
				"down": {"uv": [0, 0, 1.8, 0.15], "rotation": 180, "texture": "#2"}
			}
		},
		{
			"from": [0, 0, 0],
			"to": [16.1, 0.1, 7.2],
			"faces": {
				"north": {"uv": [0, 0, 16, 0.1], "texture": "#2"},
				"east": {"uv": [0, 0, 7.2, 0.1], "texture": "#2"},
				"south": {"uv": [0, 0, 16, 0.1], "texture": "#2"},
				"west": {"uv": [0, 0, 7.2, 0.1], "texture": "#2"},
				"up": {"uv": [0, 0, 16, 7.2], "texture": "#2"},
				"down": {"uv": [0, 0, 16, 7.2], "texture": "#2"}
			}
		},
		{
			"from": [13.3, 0, 3.8],
			"to": [13.7, 1, 4.2],
			"rotation": {"angle": 0, "axis": "y", "origin": [21.2, 8, 11.3]},
			"faces": {
				"north": {"uv": [0, 0, 0.4, 1], "texture": "#6"},
				"east": {"uv": [0, 0, 0.4, 1], "texture": "#6"},
				"south": {"uv": [0, 0, 0.4, 1], "texture": "#6"},
				"west": {"uv": [0, 0, 0.4, 1], "texture": "#6"},
				"up": {"uv": [0, 0, 0.4, 0.4], "texture": "#6"},
				"down": {"uv": [0, 0, 0.4, 0.4], "texture": "#6"}
			}
		},
		{
			"from": [14.2, 0, 3.8],
			"to": [14.6, 1, 4.2],
			"rotation": {"angle": 0, "axis": "y", "origin": [22.1, 8, 11.3]},
			"faces": {
				"north": {"uv": [0, 0, 0.4, 1], "texture": "#7"},
				"east": {"uv": [0, 0, 0.4, 1], "texture": "#7"},
				"south": {"uv": [0, 0, 0.4, 1], "texture": "#7"},
				"west": {"uv": [0, 0, 0.4, 1], "texture": "#7"},
				"up": {"uv": [0, 0, 0.4, 0.4], "texture": "#7"},
				"down": {"uv": [0, 0, 0.4, 0.4], "texture": "#7"}
			}
		},
		{
			"from": [0, -0.2, 0],
			"to": [16, 0, 7],
			"rotation": {"angle": 0, "axis": "y", "origin": [23, 7, 8]},
			"faces": {
				"north": {"uv": [0, 0, 16, 0.2], "texture": "#8"},
				"east": {"uv": [0, 0, 7, 0.2], "texture": "#8"},
				"south": {"uv": [0, 0, 16, 0.2], "texture": "#8"},
				"west": {"uv": [0, 0, 7, 0.2], "texture": "#8"},
				"up": {"uv": [0, 4.022, 16, 11.356], "texture": "#8"},
				"down": {"uv": [0.045, 0, 16, 16], "texture": "#8"}
			}
		},
		{
			"from": [0.3, 0, 0.7],
			"to": [2.8, 0.3, 5.4],
			"rotation": {"angle": 0, "axis": "y", "origin": [8, 8, 10]},
			"faces": {
				"north": {"uv": [0, 0, 2.5, 0.3], "texture": "#5"},
				"east": {"uv": [0, 0, 4.7, 0.3], "texture": "#5"},
				"south": {"uv": [8.642, 2.498, 11.614, 6.847], "texture": "#5"},
				"west": {"uv": [0, 0, 4.7, 0.3], "texture": "#5"},
				"up": {"uv": [11.894, 4.951, 14.538, 11.018], "texture": "#5"},
				"down": {"uv": [0, 0, 2.5, 4.7], "texture": "#5"}
			}
		},
		{
			"from": [0.5, 0, 1.7],
			"to": [2.6, 0.4, 1.9],
			"rotation": {"angle": 0, "axis": "y", "origin": [8, 8, 9.7]},
			"faces": {
				"north": {"uv": [0, 0, 2.1, 0.4], "texture": "#1"},
				"east": {"uv": [0, 0, 0.2, 0.4], "texture": "#1"},
				"south": {"uv": [0, 0, 2.1, 0.4], "texture": "#1"},
				"west": {"uv": [0, 0, 0.2, 0.4], "texture": "#1"},
				"up": {"uv": [0, 0, 2.1, 0.2], "texture": "#1"},
				"down": {"uv": [0, 0, 2.1, 0.2], "texture": "#1"}
			}
		}
	],
	"display": {
		"thirdperson_righthand": {
			"rotation": [-90, 1, -180],
			"translation": [-6.5, 7.25, 8.25],
			"scale": [2, 2, 2]
		},
		"firstperson_righthand": {
			"translation": [0, 4.75, 0],
			"scale": [1.19336, 1.15234, 1]
		},
		"ground": {
			"translation": [0, 4, 0]
		},
		"head": {
			"translation": [0, -7.25, 17],
			"scale": [3, 3, 3]
		}
	}
}