{
	"credit": "Made with Blockbench",
	"ambientocclusion": false,
	"textures": {
		"0": "block_x/red_stained_glass",
		"1": "block_x/daylight_detector_side",
		"2": "block_x/black_wool"
	},
	"elements": [
		{
			"name": "Blade",
			"from": [7.5, 7.6, 7.5],
			"to": [8.5, 24.7, 8.5],
			"faces": {
				"north": {"uv": [8.5, 5, 9.5, 16], "texture": "#0"},
				"east": {"uv": [10.5, 5, 9.5, 16], "texture": "#0"},
				"south": {"uv": [10.5, 5, 9.5, 16], "texture": "#0"},
				"west": {"uv": [9.5, 5, 10.5, 16], "texture": "#0"},
				"up": {"uv": [7.5, 6.5, 8.5, 7.5], "texture": "#0"}
			}
		},
		{
			"name": "Handle",
			"from": [7.2, 0, 7.2],
			"to": [8.8, 6.8, 8.8],
			"faces": {
				"north": {"uv": [8, 9, 9.6, 15.8], "texture": "#1"},
				"east": {"uv": [8, 9, 9.6, 15.8], "texture": "#1"},
				"south": {"uv": [8, 8, 9.6, 14.8], "texture": "#1"},
				"west": {"uv": [8, 8, 9.6, 14.8], "texture": "#1"},
				"up": {"uv": [9, 14, 10.6, 15.6], "texture": "#1"},
				"down": {"uv": [8, 14, 9.6, 15.6], "texture": "#1"}
			}
		},
		{
			"name": "goldplatedadjusterR",
			"from": [7.6, 3.2, 8.8],
			"to": [8.4, 5, 8.9],
			"faces": {
				"north": {"uv": [2, 2, 13.8, 14.8], "texture": "#1"},
				"east": {"uv": [3, 3, 13.1, 12.8], "texture": "#1"},
				"south": {"uv": [2, 15.25, 13.3, 15.8], "texture": "#1"},
				"west": {"uv": [3, 1, 13.1, 12.8], "texture": "#1"},
				"up": {"uv": [1, 1, 14.8, 15.1], "texture": "#1"},
				"down": {"uv": [2, 3, 14.8, 15.1], "texture": "#1"}
			}
		},
		{
			"name": "goldplatedadjusterL",
			"from": [7.6, 3.2, 7.1],
			"to": [8.4, 5, 7.2],
			"faces": {
				"north": {"uv": [2, 2, 13.8, 14.8], "texture": "#1"},
				"east": {"uv": [3, 3, 13.1, 12.8], "texture": "#1"},
				"south": {"uv": [2, 0, 13.8, 13.8], "texture": "#1"},
				"west": {"uv": [3, 1, 13.1, 12.8], "texture": "#1"},
				"up": {"uv": [1, 1, 14.8, 15.1], "texture": "#1"},
				"down": {"uv": [2, 3, 14.8, 15.1], "texture": "#1"}
			}
		},
		{
			"name": "Cube",
			"from": [7.1, 0, 7.1],
			"to": [7.4, 2.7, 7.4],
			"faces": {
				"north": {"uv": [0, 0, 0.3, 2.7], "texture": "#2"},
				"east": {"uv": [0, 0, 0.3, 2.7], "texture": "#2"},
				"south": {"uv": [0, 0, 0.3, 2.7], "texture": "#2"},
				"west": {"uv": [0, 0, 0.3, 2.7], "texture": "#2"},
				"up": {"uv": [0, 0, 0.3, 0.3], "texture": "#2"},
				"down": {"uv": [0, 0, 0.3, 0.3], "texture": "#2"}
			}
		},
		{
			"name": "Cube",
			"from": [7.1, 0, 7.8],
			"to": [7.4, 2.7, 8.1],
			"faces": {
				"north": {"uv": [0, 0, 0.3, 2.7], "texture": "#2"},
				"east": {"uv": [0, 0, 0.3, 2.7], "texture": "#2"},
				"south": {"uv": [0, 0, 0.3, 2.7], "texture": "#2"},
				"west": {"uv": [0, 0, 0.3, 2.7], "texture": "#2"},
				"up": {"uv": [0, 0, 0.3, 0.3], "texture": "#2"},
				"down": {"uv": [0, 0, 0.3, 0.3], "texture": "#2"}
			}
		},
		{
			"name": "Cube",
			"from": [7.1, 0, 8.6],
			"to": [7.4, 2.7, 8.9],
			"faces": {
				"north": {"uv": [0, 0, 0.3, 2.7], "texture": "#2"},
				"east": {"uv": [0, 0, 0.3, 2.7], "texture": "#2"},
				"south": {"uv": [0, 0, 0.3, 2.7], "texture": "#2"},
				"west": {"uv": [0, 0, 0.3, 2.7], "texture": "#2"},
				"up": {"uv": [0, 0, 0.3, 0.3], "texture": "#2"},
				"down": {"uv": [0, 0, 0.3, 0.3], "texture": "#2"}
			}
		},
		{
			"name": "Cube",
			"from": [7.8, 0, 8.6],
			"to": [8.1, 2.7, 8.9],
			"faces": {
				"north": {"uv": [0, 0, 0.3, 2.7], "texture": "#2"},
				"east": {"uv": [0, 0, 0.3, 2.7], "texture": "#2"},
				"south": {"uv": [0, 0, 0.3, 2.7], "texture": "#2"},
				"west": {"uv": [0, 0, 0.3, 2.7], "texture": "#2"},
				"up": {"uv": [0, 0, 0.3, 0.3], "texture": "#2"},
				"down": {"uv": [0, 0, 0.3, 0.3], "texture": "#2"}
			}
		},
		{
			"name": "Cube",
			"from": [8.6, 0, 8.6],
			"to": [8.9, 2.7, 8.9],
			"faces": {
				"north": {"uv": [0, 0, 0.3, 2.7], "texture": "#2"},
				"east": {"uv": [0, 0, 0.3, 2.7], "texture": "#2"},
				"south": {"uv": [0, 0, 0.3, 2.7], "texture": "#2"},
				"west": {"uv": [0, 0, 0.3, 2.7], "texture": "#2"},
				"up": {"uv": [0, 0, 0.3, 0.3], "texture": "#2"},
				"down": {"uv": [0, 0, 0.3, 0.3], "texture": "#2"}
			}
		},
		{
			"name": "Cube",
			"from": [8.6, 0, 7.9],
			"to": [8.9, 2.7, 8.2],
			"faces": {
				"north": {"uv": [0, 0, 0.3, 2.7], "texture": "#2"},
				"east": {"uv": [0, 0, 0.3, 2.7], "texture": "#2"},
				"south": {"uv": [0, 0, 0.3, 2.7], "texture": "#2"},
				"west": {"uv": [0, 0, 0.3, 2.7], "texture": "#2"},
				"up": {"uv": [0, 0, 0.3, 0.3], "texture": "#2"},
				"down": {"uv": [0, 0, 0.3, 0.3], "texture": "#2"}
			}
		},
		{
			"name": "Cube",
			"from": [8.6, 0, 7.1],
			"to": [8.9, 2.7, 7.4],
			"faces": {
				"north": {"uv": [0, 0, 0.3, 2.7], "texture": "#2"},
				"east": {"uv": [0, 0, 0.3, 2.7], "texture": "#2"},
				"south": {"uv": [0, 0, 0.3, 2.7], "texture": "#2"},
				"west": {"uv": [0, 0, 0.3, 2.7], "texture": "#2"},
				"up": {"uv": [0, 0, 0.3, 0.3], "texture": "#2"},
				"down": {"uv": [0, 0, 0.3, 0.3], "texture": "#2"}
			}
		},
		{
			"name": "Cube",
			"from": [7.9, 0, 7.1],
			"to": [8.2, 2.7, 7.4],
			"faces": {
				"north": {"uv": [0, 0, 0.3, 2.7], "texture": "#2"},
				"east": {"uv": [0, 0, 0.3, 2.7], "texture": "#2"},
				"south": {"uv": [0, 0, 0.3, 2.7], "texture": "#2"},
				"west": {"uv": [0, 0, 0.3, 2.7], "texture": "#2"},
				"up": {"uv": [0, 0, 0.3, 0.3], "texture": "#2"},
				"down": {"uv": [0, 0, 0.3, 0.3], "texture": "#2"}
			}
		},
		{
			"name": "Cube",
			"from": [7.3, 6.9, 7.1],
			"to": [7.6, 7.6, 7.8],
			"faces": {
				"north": {"uv": [8, 13, 8.3, 13.7], "texture": "#1"},
				"east": {"uv": [5, 13, 5.7, 13.7], "texture": "#1"},
				"south": {"uv": [11, 15, 11.3, 15.7], "texture": "#1"},
				"west": {"uv": [5, 15, 5.7, 15.7], "texture": "#1"},
				"up": {"uv": [6, 15, 6.3, 15.7], "texture": "#1"},
				"down": {"uv": [6, 15, 6.3, 15.7], "texture": "#1"}
			}
		},
		{
			"name": "Cube",
			"from": [7.4, 6.7, 7.3],
			"to": [8.6, 7.5, 8.3],
			"faces": {
				"north": {"uv": [0, 0, 1.2, 0.8], "texture": "#1"},
				"east": {"uv": [0, 0, 1, 0.8], "texture": "#1"},
				"south": {"uv": [0, 0, 1.2, 0.8], "texture": "#1"},
				"west": {"uv": [0, 0, 1, 0.8], "texture": "#1"},
				"up": {"uv": [0, 0, 1.2, 1], "texture": "#1"},
				"down": {"uv": [0, 0, 1.2, 1], "texture": "#1"}
			}
		},
		{
			"name": "Cube",
			"from": [8.6, 6.7, 7.6],
			"to": [10.2, 7.5, 8.6],
			"faces": {
				"north": {"uv": [9, 15, 10.6, 15.8], "texture": "#1"},
				"east": {"uv": [7, 15, 8, 15.8], "texture": "#1"},
				"south": {"uv": [1, 15, 2.6, 15.8], "texture": "#1"},
				"west": {"uv": [6, 15, 7, 15.8], "texture": "#1"},
				"up": {"uv": [8, 13, 9.6, 14], "texture": "#1"},
				"down": {"uv": [9, 13, 10.6, 14], "texture": "#1"}
			}
		},
		{
			"name": "Cube",
			"from": [7.2, 6.8, 7.2],
			"to": [8.8, 6.9, 7.5],
			"faces": {
				"north": {"uv": [8, 0, 8.6, 2.2], "texture": "#1"},
				"east": {"uv": [7, 0, 7.3, 0.1], "texture": "#1"},
				"south": {"uv": [8, 0, 9.6, 0.1], "texture": "#1"},
				"west": {"uv": [7, 0, 7.3, 0.1], "texture": "#1"},
				"up": {"uv": [7, 0, 8.6, 0.3], "texture": "#1"},
				"down": {"uv": [7, 0, 8.6, 0.3], "texture": "#1"}
			}
		},
		{
			"name": "Cube",
			"from": [7.3, 6.7, 7.5],
			"to": [7.6, 8.7, 8.5],
			"faces": {
				"north": {"uv": [0, 0, 0.3, 2], "texture": "#1"},
				"east": {"uv": [0, 0, 1, 2], "texture": "#1"},
				"south": {"uv": [0, 0, 0.3, 2], "texture": "#1"},
				"west": {"uv": [0, 0, 1, 2], "texture": "#1"},
				"up": {"uv": [0, 0, 0.3, 1], "texture": "#1"},
				"down": {"uv": [0, 0, 0.3, 1], "texture": "#1"}
			}
		},
		{
			"name": "Cube",
			"from": [8.4, 6.7, 7.5],
			"to": [8.7, 8.7, 8.5],
			"faces": {
				"north": {"uv": [0, 0, 0.3, 2], "texture": "#1"},
				"east": {"uv": [0, 0, 1, 2], "texture": "#1"},
				"south": {"uv": [0, 0, 0.3, 2], "texture": "#1"},
				"west": {"uv": [0, 0, 1, 2], "texture": "#1"},
				"up": {"uv": [0, 0, 0.3, 1], "texture": "#1"},
				"down": {"uv": [0, 0, 0.3, 1], "texture": "#1"}
			}
		},
		{
			"name": "Cube",
			"from": [7.4, 6.6, 8.5],
			"to": [8.6, 7.6, 8.7],
			"faces": {
				"north": {"uv": [0, 0, 1.2, 1], "texture": "#1"},
				"east": {"uv": [0, 0, -6.8, 4], "texture": "#1"},
				"south": {"uv": [0, 0, 1.2, 1], "texture": "#1"},
				"west": {"uv": [0, 0, 0.2, 1], "texture": "#1"},
				"up": {"uv": [0, 0, 1.2, 0.2], "texture": "#1"},
				"down": {"uv": [0, 0, 1.2, 0.2], "texture": "#1"}
			}
		},
		{
			"name": "Cube",
			"from": [7, 0, 7],
			"to": [9, 0.4, 9],
			"faces": {
				"north": {"uv": [7, 15, 9, 15.4], "texture": "#1"},
				"east": {"uv": [8, 14, 10, 14.4], "texture": "#1"},
				"south": {"uv": [6, 15, 8, 15.4], "texture": "#1"},
				"west": {"uv": [8, 15, 10, 15.4], "texture": "#1"},
				"up": {"uv": [6, 11, 8, 13], "texture": "#1"},
				"down": {"uv": [7, 13, 9, 15], "texture": "#1"}
			}
		},
		{
			"name": "Cube",
			"from": [5.8, 6.7, 7.6],
			"to": [7.4, 7.5, 8.6],
			"faces": {
				"north": {"uv": [6, 15, 7.6, 15.8], "texture": "#1"},
				"east": {"uv": [8, 15, 9, 15.8], "texture": "#1"},
				"south": {"uv": [11, 13, 10.6, 13.8], "texture": "#1"},
				"west": {"uv": [7, 14, 8, 14.8], "texture": "#1"},
				"up": {"uv": [8, 15, 9.6, 16], "texture": "#1"},
				"down": {"uv": [11, 14, 12.6, 15], "texture": "#1"}
			}
		},
		{
			"name": "Cube",
			"from": [8.5, 6.9, 7.1],
			"to": [8.8, 7.6, 7.8],
			"faces": {
				"north": {"uv": [6, 15, 6.3, 15.7], "texture": "#1"},
				"east": {"uv": [7, 14, 7.7, 15.7], "texture": "#1"},
				"south": {"uv": [10, 15, 10.3, 15.7], "texture": "#1"},
				"west": {"uv": [12, 15, 12.7, 15.7], "texture": "#1"},
				"up": {"uv": [7, 15, 7.3, 15.7], "texture": "#1"},
				"down": {"uv": [8, 15, 8.3, 15.7], "texture": "#1"}
			}
		},
		{
			"name": "SaberRight",
			"from": [2.9, 6.8, 7.8],
			"to": [6.5, 7.4, 8.4],
			"faces": {
				"north": {"uv": [8.5, 5, 9.5, 16], "texture": "#0"},
				"east": {"uv": [10.5, 5, 9.5, 16], "texture": "#0"},
				"south": {"uv": [10.5, 5, 9.5, 16], "texture": "#0"},
				"west": {"uv": [9.5, 5, 10.5, 16], "texture": "#0"},
				"up": {"uv": [7.5, 6.5, 8.5, 7.5], "texture": "#0"}
			}
		},
		{
			"name": "SaberLeft",
			"from": [9.4, 6.8, 7.8],
			"to": [13, 7.4, 8.4],
			"faces": {
				"north": {"uv": [8.5, 5, 9.5, 16], "texture": "#0"},
				"east": {"uv": [10.5, 5, 9.5, 16], "texture": "#0"},
				"south": {"uv": [10.5, 5, 9.5, 16], "texture": "#0"},
				"west": {"uv": [9.5, 5, 10.5, 16], "texture": "#0"},
				"up": {"uv": [7.5, 6.5, 8.5, 7.5], "texture": "#0"}
			}
		},
		{
			"name": "Cube",
			"from": [7.3, 9.8, 7.1],
			"to": [8.6, 10.2, 8.5],
			"faces": {
				"north": {"uv": [8.5, 5, 9.5, 16], "texture": "#0"},
				"east": {"uv": [10.5, 5, 9.5, 16], "texture": "#0"},
				"south": {"uv": [10.5, 5, 9.5, 16], "texture": "#0"},
				"west": {"uv": [9.5, 5, 10.5, 16], "texture": "#0"},
				"up": {"uv": [7.5, 6.5, 8.5, 7.5], "texture": "#0"}
			}
		},
		{
			"name": "Cube",
			"from": [7.6, 10.7, 6.8],
			"to": [8.9, 11.1, 8.2],
			"faces": {
				"north": {"uv": [8.5, 5, 9.5, 16], "texture": "#0"},
				"east": {"uv": [10.5, 5, 9.5, 16], "texture": "#0"},
				"south": {"uv": [10.5, 5, 9.5, 16], "texture": "#0"},
				"west": {"uv": [9.5, 5, 10.5, 16], "texture": "#0"},
				"up": {"uv": [7.5, 6.5, 8.5, 7.5], "texture": "#0"}
			}
		},
		{
			"name": "Cube",
			"from": [7.6, 11.4, 7.5],
			"to": [8.9, 11.8, 8.9],
			"faces": {
				"north": {"uv": [8.5, 5, 9.5, 16], "texture": "#0"},
				"east": {"uv": [10.5, 5, 9.5, 16], "texture": "#0"},
				"south": {"uv": [10.5, 5, 9.5, 16], "texture": "#0"},
				"west": {"uv": [9.5, 5, 10.5, 16], "texture": "#0"},
				"up": {"uv": [7.5, 6.5, 8.5, 7.5], "texture": "#0"}
			}
		},
		{
			"name": "Cube",
			"from": [7.1, 12.3, 7.7],
			"to": [8.4, 12.7, 9.1],
			"faces": {
				"north": {"uv": [8.5, 5, 9.5, 16], "texture": "#0"},
				"east": {"uv": [10.5, 5, 9.5, 16], "texture": "#0"},
				"south": {"uv": [10.5, 5, 9.5, 16], "texture": "#0"},
				"west": {"uv": [9.5, 5, 10.5, 16], "texture": "#0"},
				"up": {"uv": [7.5, 6.5, 8.5, 7.5], "texture": "#0"}
			}
		},
		{
			"name": "Cube",
			"from": [7.5, 13.3, 7.2],
			"to": [8.8, 13.7, 8.6],
			"faces": {
				"north": {"uv": [8.5, 5, 9.5, 16], "texture": "#0"},
				"east": {"uv": [10.5, 5, 9.5, 16], "texture": "#0"},
				"south": {"uv": [10.5, 5, 9.5, 16], "texture": "#0"},
				"west": {"uv": [9.5, 5, 10.5, 16], "texture": "#0"},
				"up": {"uv": [7.5, 6.5, 8.5, 7.5], "texture": "#0"}
			}
		},
		{
			"name": "Cube",
			"from": [7.1, 14.2, 7.5],
			"to": [8.4, 14.6, 8.9],
			"faces": {
				"north": {"uv": [8.5, 5, 9.5, 16], "texture": "#0"},
				"east": {"uv": [10.5, 5, 9.5, 16], "texture": "#0"},
				"south": {"uv": [10.5, 5, 9.5, 16], "texture": "#0"},
				"west": {"uv": [9.5, 5, 10.5, 16], "texture": "#0"},
				"up": {"uv": [7.5, 6.5, 8.5, 7.5], "texture": "#0"}
			}
		},
		{
			"name": "Cube",
			"from": [7.6, 15.2, 6.9],
			"to": [8.9, 15.6, 8.3],
			"faces": {
				"north": {"uv": [8.5, 5, 9.5, 16], "texture": "#0"},
				"east": {"uv": [10.5, 5, 9.5, 16], "texture": "#0"},
				"south": {"uv": [10.5, 5, 9.5, 16], "texture": "#0"},
				"west": {"uv": [9.5, 5, 10.5, 16], "texture": "#0"},
				"up": {"uv": [7.5, 6.5, 8.5, 7.5], "texture": "#0"}
			}
		},
		{
			"name": "Cube",
			"from": [7.4, 16.5, 7.4],
			"to": [8.7, 16.9, 8.8],
			"faces": {
				"north": {"uv": [8.5, 5, 9.5, 16], "texture": "#0"},
				"east": {"uv": [10.5, 5, 9.5, 16], "texture": "#0"},
				"south": {"uv": [10.5, 5, 9.5, 16], "texture": "#0"},
				"west": {"uv": [9.5, 5, 10.5, 16], "texture": "#0"},
				"up": {"uv": [7.5, 6.5, 8.5, 7.5], "texture": "#0"}
			}
		},
		{
			"name": "Cube",
			"from": [7.2, 17.5, 7.3],
			"to": [8.5, 17.9, 8.7],
			"faces": {
				"north": {"uv": [8.5, 5, 9.5, 16], "texture": "#0"},
				"east": {"uv": [10.5, 5, 9.5, 16], "texture": "#0"},
				"south": {"uv": [10.5, 5, 9.5, 16], "texture": "#0"},
				"west": {"uv": [9.5, 5, 10.5, 16], "texture": "#0"},
				"up": {"uv": [7.5, 6.5, 8.5, 7.5], "texture": "#0"}
			}
		},
		{
			"name": "Cube",
			"from": [6.9, 18.8, 7.6],
			"to": [8.2, 19.2, 9],
			"faces": {
				"north": {"uv": [8.5, 5, 9.5, 16], "texture": "#0"},
				"east": {"uv": [10.5, 5, 9.5, 16], "texture": "#0"},
				"south": {"uv": [10.5, 5, 9.5, 16], "texture": "#0"},
				"west": {"uv": [9.5, 5, 10.5, 16], "texture": "#0"},
				"up": {"uv": [7.5, 6.5, 8.5, 7.5], "texture": "#0"}
			}
		},
		{
			"name": "Cube",
			"from": [7.6, 20, 7.4],
			"to": [8.9, 20.4, 8.8],
			"faces": {
				"north": {"uv": [8.5, 5, 9.5, 16], "texture": "#0"},
				"east": {"uv": [10.5, 5, 9.5, 16], "texture": "#0"},
				"south": {"uv": [10.5, 5, 9.5, 16], "texture": "#0"},
				"west": {"uv": [9.5, 5, 10.5, 16], "texture": "#0"},
				"up": {"uv": [7.5, 6.5, 8.5, 7.5], "texture": "#0"}
			}
		},
		{
			"name": "Cube",
			"from": [7.6, 20.9, 7.7],
			"to": [8.9, 21.3, 9.1],
			"faces": {
				"north": {"uv": [8.5, 5, 9.5, 16], "texture": "#0"},
				"east": {"uv": [10.5, 5, 9.5, 16], "texture": "#0"},
				"south": {"uv": [10.5, 5, 9.5, 16], "texture": "#0"},
				"west": {"uv": [9.5, 5, 10.5, 16], "texture": "#0"},
				"up": {"uv": [7.5, 6.5, 8.5, 7.5], "texture": "#0"}
			}
		},
		{
			"name": "Cube",
			"from": [7, 22.9, 7.1],
			"to": [8.3, 23.3, 8.5],
			"faces": {
				"north": {"uv": [8.5, 5, 9.5, 16], "texture": "#0"},
				"east": {"uv": [10.5, 5, 9.5, 16], "texture": "#0"},
				"south": {"uv": [10.5, 5, 9.5, 16], "texture": "#0"},
				"west": {"uv": [9.5, 5, 10.5, 16], "texture": "#0"},
				"up": {"uv": [7.5, 6.5, 8.5, 7.5], "texture": "#0"}
			}
		},
		{
			"name": "Cube",
			"from": [7.6, 23.9, 7.6],
			"to": [8.9, 24.3, 9],
			"faces": {
				"north": {"uv": [8.5, 5, 9.5, 16], "texture": "#0"},
				"east": {"uv": [10.5, 5, 9.5, 16], "texture": "#0"},
				"south": {"uv": [10.5, 5, 9.5, 16], "texture": "#0"},
				"west": {"uv": [9.5, 5, 10.5, 16], "texture": "#0"},
				"up": {"uv": [7.5, 6.5, 8.5, 7.5], "texture": "#0"}
			}
		},
		{
			"name": "Cube",
			"from": [12.4, 6.6, 7.8],
			"to": [12.6, 7.3, 8.6],
			"faces": {
				"north": {"uv": [8.5, 5, 9.5, 16], "texture": "#0"},
				"east": {"uv": [10.5, 5, 9.5, 16], "texture": "#0"},
				"south": {"uv": [10.5, 5, 9.5, 16], "texture": "#0"},
				"west": {"uv": [9.5, 5, 10.5, 16], "texture": "#0"},
				"up": {"uv": [7.5, 6.5, 8.5, 7.5], "texture": "#0"}
			}
		},
		{
			"name": "Cube",
			"from": [11.8, 6.6, 7.6],
			"to": [12, 7.3, 8.4],
			"faces": {
				"north": {"uv": [8.5, 5, 9.5, 16], "texture": "#0"},
				"east": {"uv": [10.5, 5, 9.5, 16], "texture": "#0"},
				"south": {"uv": [10.5, 5, 9.5, 16], "texture": "#0"},
				"west": {"uv": [9.5, 5, 10.5, 16], "texture": "#0"},
				"up": {"uv": [7.5, 6.5, 8.5, 7.5], "texture": "#0"}
			}
		},
		{
			"name": "Cube",
			"from": [11.2, 7, 7.6],
			"to": [11.4, 7.7, 8.4],
			"faces": {
				"north": {"uv": [8.5, 5, 9.5, 16], "texture": "#0"},
				"east": {"uv": [10.5, 5, 9.5, 16], "texture": "#0"},
				"south": {"uv": [10.5, 5, 9.5, 16], "texture": "#0"},
				"west": {"uv": [9.5, 5, 10.5, 16], "texture": "#0"},
				"up": {"uv": [7.5, 6.5, 8.5, 7.5], "texture": "#0"}
			}
		},
		{
			"name": "Cube",
			"from": [10.7, 7, 7.5],
			"to": [10.9, 7.7, 8.3],
			"faces": {
				"north": {"uv": [8.5, 5, 9.5, 16], "texture": "#0"},
				"east": {"uv": [10.5, 5, 9.5, 16], "texture": "#0"},
				"south": {"uv": [10.5, 5, 9.5, 16], "texture": "#0"},
				"west": {"uv": [9.5, 5, 10.5, 16], "texture": "#0"},
				"up": {"uv": [7.5, 6.5, 8.5, 7.5], "texture": "#0"}
			}
		},
		{
			"name": "Cube",
			"from": [4.7, 7, 7.5],
			"to": [4.9, 7.7, 8.3],
			"faces": {
				"north": {"uv": [8.5, 5, 9.5, 16], "texture": "#0"},
				"east": {"uv": [10.5, 5, 9.5, 16], "texture": "#0"},
				"south": {"uv": [10.5, 5, 9.5, 16], "texture": "#0"},
				"west": {"uv": [9.5, 5, 10.5, 16], "texture": "#0"},
				"up": {"uv": [7.5, 6.5, 8.5, 7.5], "texture": "#0"}
			}
		},
		{
			"name": "Cube",
			"from": [4, 6.6, 7.5],
			"to": [4.2, 7.3, 8.3],
			"faces": {
				"north": {"uv": [8.5, 5, 9.5, 16], "texture": "#0"},
				"east": {"uv": [10.5, 5, 9.5, 16], "texture": "#0"},
				"south": {"uv": [10.5, 5, 9.5, 16], "texture": "#0"},
				"west": {"uv": [9.5, 5, 10.5, 16], "texture": "#0"},
				"up": {"uv": [7.5, 6.5, 8.5, 7.5], "texture": "#0"}
			}
		},
		{
			"name": "Cube",
			"from": [3.4, 7.1, 7.8],
			"to": [3.6, 7.8, 8.6],
			"faces": {
				"north": {"uv": [8.5, 5, 9.5, 16], "texture": "#0"},
				"east": {"uv": [10.5, 5, 9.5, 16], "texture": "#0"},
				"south": {"uv": [10.5, 5, 9.5, 16], "texture": "#0"},
				"west": {"uv": [9.5, 5, 10.5, 16], "texture": "#0"},
				"up": {"uv": [7.5, 6.5, 8.5, 7.5], "texture": "#0"}
			}
		}
	],
	"display": {
		"ground": {
			"rotation": [28, 1, 0]
		},
		"gui": {
			"rotation": [13, -6, 61],
			"translation": [-0.5, -3.3, 2.1],
			"scale": [1, 1.17, 1]
		}
	}
}