{
	"credit": "Made with Blockbench",
	"textures": {
		"1": "block_x/red_concrete_powder",
		"3": "block_x/white_concrete_powder",
		"4": "block_x/blast_furnace_top",
		"5": "block_x/black_concrete_powder",
		"particle": "block_x/black_concrete_powder"
	},
	"elements": [
		{
			"name": "sphere",
			"from": [6.5, 6.1, 6.5],
			"to": [9.5, 9.2, 9.5],
			"rotation": {"angle": 0, "axis": "y", "origin": [8, 9, 8]},
			"faces": {
				"north": {"uv": [0, 0, 3, 3.1], "texture": "#1"},
				"east": {"uv": [0, 0, 3, 3.1], "texture": "#1"},
				"south": {"uv": [0, 0, 3, 3.1], "texture": "#1"},
				"west": {"uv": [0, 0, 3, 3.1], "texture": "#1"},
				"up": {"uv": [0, 0, 3, 3.1], "texture": "#1"},
				"down": {"uv": [0, 0, 3, 3.1], "texture": "#1"}
			}
		},
		{
			"name": "handle",
			"from": [6.7, 6.5, 6.7],
			"to": [9.3, 9.5, 9.3],
			"faces": {
				"north": {"uv": [0, 0, 2.6, 3], "texture": "#1"},
				"east": {"uv": [0, 0, 2.6, 3], "texture": "#1"},
				"south": {"uv": [0, 0, 2.6, 3], "texture": "#1"},
				"west": {"uv": [0, 0, 2.6, 3], "texture": "#1"},
				"up": {"uv": [0, 0, 2.6, 2.6], "texture": "#1"},
				"down": {"uv": [0, 0, 2.6, 2.6], "texture": "#1"}
			}
		},
		{
			"from": [7.1, 7.5, 7.1],
			"to": [8.9, 10.1, 8.8],
			"faces": {
				"north": {"uv": [0, 0, 1.8, 2.6], "texture": "#4"},
				"east": {"uv": [0, 0, 1.7, 2.6], "texture": "#4"},
				"south": {"uv": [0, 0, 1.8, 2.6], "texture": "#4"},
				"west": {"uv": [0, 0, 1.7, 2.6], "texture": "#4"},
				"up": {"uv": [0, 0, 1.8, 1.7], "texture": "#4"},
				"down": {"uv": [0, 0, 1.8, 1.7], "texture": "#4"}
			}
		},
		{
			"name": "top",
			"from": [7.5, 9.85, 6.5],
			"to": [8.4, 10.85, 9.5],
			"rotation": {"angle": 0, "axis": "y", "origin": [3.5, 3.25, 3.5]},
			"faces": {
				"north": {"uv": [0, 0, 0.9, 1], "texture": "#4"},
				"east": {"uv": [0, 0, 3, 1], "texture": "#4"},
				"south": {"uv": [0, 0, 0.9, 1], "texture": "#4"},
				"west": {"uv": [0, 0, 2, 1.5], "texture": "#4"},
				"up": {"uv": [0, 0, 0.9, 3], "texture": "#4"},
				"down": {"uv": [0, 0, 0.9, 3], "texture": "#4"}
			}
		},
		{
			"name": "weird",
			"from": [6.5, 9.85, 7.6],
			"to": [9.5, 10.85, 8.5],
			"rotation": {"angle": 0, "axis": "y", "origin": [3.5, 3.25, 12.5]},
			"faces": {
				"north": {"uv": [0, 0, 3, 1], "texture": "#4"},
				"east": {"uv": [0, 0, 0.9, 1], "texture": "#4"},
				"south": {"uv": [0, 0, 3, 1], "texture": "#4"},
				"west": {"uv": [0, 0, 0.9, 1], "texture": "#4"},
				"up": {"uv": [0, 0, 0.9, 3], "rotation": 270, "texture": "#4"},
				"down": {"uv": [0, 0, 0.9, 3], "rotation": 90, "texture": "#4"}
			}
		},
		{
			"from": [7.5, 10, 8.5],
			"to": [9.5, 11, 9.5],
			"rotation": {"angle": 45, "axis": "y", "origin": [7, 8.5, 9]},
			"faces": {
				"north": {"uv": [0, 0, 2, 1], "texture": "#4"},
				"east": {"uv": [0, 0, 1, 1], "texture": "#4"},
				"south": {"uv": [0, 0, 2, 1], "texture": "#4"},
				"west": {"uv": [0, 0, 1, 1], "texture": "#4"},
				"up": {"uv": [0, 0, 1, 2], "rotation": 270, "texture": "#4"},
				"down": {"uv": [0, 0, 1, 2], "rotation": 90, "texture": "#4"}
			}
		},
		{
			"from": [7.5, 8.5, 7.5],
			"to": [8.5, 11.3, 8.5],
			"faces": {
				"north": {"uv": [0, 0, 1, 2.8], "texture": "#4"},
				"east": {"uv": [0, 0, 1, 2.8], "texture": "#4"},
				"south": {"uv": [0, 0, 1, 2.8], "texture": "#4"},
				"west": {"uv": [0, 0, 1, 2.8], "texture": "#4"},
				"up": {"uv": [0, 0, 1, 1], "texture": "#4"},
				"down": {"uv": [0, 0, 1, 1], "texture": "#4"}
			}
		},
		{
			"name": "rounc ting",
			"from": [7, 10, 7.5],
			"to": [9, 11, 8.5],
			"rotation": {"angle": -45, "axis": "y", "origin": [8, 6, 8]},
			"faces": {
				"north": {"uv": [0, 0, 2, 1], "texture": "#4"},
				"east": {"uv": [0, 0, 1, 1], "texture": "#4"},
				"south": {"uv": [0, 0, 2, 1], "texture": "#4"},
				"west": {"uv": [0, 0, 1, 1], "texture": "#4"},
				"up": {"uv": [0, 0, 1, 2], "rotation": 270, "texture": "#4"},
				"down": {"uv": [0, 0, 1, 2], "rotation": 90, "texture": "#4"}
			}
		},
		{
			"name": "the words",
			"from": [9.35, 6.55, 6.55],
			"to": [9.6, 6.8, 9.55],
			"rotation": {"angle": 0, "axis": "y", "origin": [2.35, -2.95, 16.3]},
			"faces": {
				"north": {"uv": [0, 0, 0.25, 0.25], "texture": "#5"},
				"east": {"uv": [0, 0, 3, 0.25], "texture": "#5"},
				"south": {"uv": [0, 0, 0.25, 0.25], "texture": "#5"},
				"west": {"uv": [0, 0, 3, 0.25], "texture": "#5"},
				"up": {"uv": [0, 0, 3, 0.25], "rotation": 270, "texture": "#5"},
				"down": {"uv": [0, 0, 3, 0.25], "rotation": 90, "texture": "#5"}
			}
		},
		{
			"name": "the words",
			"from": [6.5, 8.75, 6.45],
			"to": [9.5, 9, 6.7],
			"rotation": {"angle": 0, "axis": "y", "origin": [16.25, -0.75, 13.7]},
			"faces": {
				"north": {"uv": [0, 0, 3, 0.25], "texture": "#5"},
				"east": {"uv": [0, 0, 0.25, 0.25], "texture": "#5"},
				"south": {"uv": [0, 0, 3, 0.25], "texture": "#5"},
				"west": {"uv": [0, 0, 0.25, 0.25], "texture": "#5"},
				"up": {"uv": [0, 0, 3, 0.25], "rotation": 180, "texture": "#5"},
				"down": {"uv": [0, 0, 3, 0.25], "rotation": 180, "texture": "#5"}
			}
		},
		{
			"name": "the words",
			"from": [6.5, 6.55, 6.45],
			"to": [9.5, 6.8, 6.7],
			"rotation": {"angle": 0, "axis": "y", "origin": [16.25, -2.95, 13.7]},
			"faces": {
				"north": {"uv": [0, 0, 3, 0.25], "texture": "#5"},
				"east": {"uv": [0, 0, 0.25, 0.25], "texture": "#5"},
				"south": {"uv": [0, 0, 3, 0.25], "texture": "#5"},
				"west": {"uv": [0, 0, 0.25, 0.25], "texture": "#5"},
				"up": {"uv": [0, 0, 3, 0.25], "rotation": 180, "texture": "#5"},
				"down": {"uv": [0, 0, 3, 0.25], "rotation": 180, "texture": "#5"}
			}
		},
		{
			"name": "the words",
			"from": [9.35, 8.75, 6.55],
			"to": [9.6, 9, 9.55],
			"rotation": {"angle": 0, "axis": "y", "origin": [2.35, -0.75, 16.3]},
			"faces": {
				"north": {"uv": [0, 0, 0.25, 0.25], "texture": "#5"},
				"east": {"uv": [0, 0, 3, 0.25], "texture": "#5"},
				"south": {"uv": [0, 0, 0.25, 0.25], "texture": "#5"},
				"west": {"uv": [0, 0, 3, 0.25], "texture": "#5"},
				"up": {"uv": [0, 0, 3, 0.25], "rotation": 270, "texture": "#5"},
				"down": {"uv": [0, 0, 3, 0.25], "rotation": 90, "texture": "#5"}
			}
		},
		{
			"name": "the words",
			"from": [6.45, 6.55, 6.55],
			"to": [6.7, 6.8, 9.55],
			"rotation": {"angle": 0, "axis": "y", "origin": [-0.55, -2.95, 16.3]},
			"faces": {
				"north": {"uv": [0, 0, 0.25, 0.25], "texture": "#5"},
				"east": {"uv": [0, 0, 3, 0.25], "texture": "#5"},
				"south": {"uv": [0, 0, 0.25, 0.25], "texture": "#5"},
				"west": {"uv": [0, 0, 3, 0.25], "texture": "#5"},
				"up": {"uv": [0, 0, 3, 0.25], "rotation": 270, "texture": "#5"},
				"down": {"uv": [0, 0, 3, 0.25], "rotation": 90, "texture": "#5"}
			}
		},
		{
			"name": "the words",
			"from": [6.45, 8.75, 6.55],
			"to": [6.7, 9, 9.55],
			"rotation": {"angle": 0, "axis": "y", "origin": [-0.55, -0.75, 16.3]},
			"faces": {
				"north": {"uv": [0, 0, 0.25, 0.25], "texture": "#5"},
				"east": {"uv": [0, 0, 3, 0.25], "texture": "#5"},
				"south": {"uv": [0, 0, 0.25, 0.25], "texture": "#5"},
				"west": {"uv": [0, 0, 3, 0.25], "texture": "#5"},
				"up": {"uv": [0, 0, 3, 0.25], "rotation": 270, "texture": "#5"},
				"down": {"uv": [0, 0, 3, 0.25], "rotation": 90, "texture": "#5"}
			}
		},
		{
			"name": "the words",
			"from": [6.5, 8.75, 9.3],
			"to": [9.5, 9, 9.55],
			"rotation": {"angle": 0, "axis": "y", "origin": [-0.25, -0.75, 2.3]},
			"faces": {
				"north": {"uv": [0, 0, 3, 0.25], "texture": "#5"},
				"east": {"uv": [0, 0, 0.25, 0.25], "texture": "#5"},
				"south": {"uv": [0, 0, 3, 0.25], "texture": "#5"},
				"west": {"uv": [0, 0, 0.25, 0.25], "texture": "#5"},
				"up": {"uv": [0, 0, 3, 0.25], "texture": "#5"},
				"down": {"uv": [0, 0, 3, 0.25], "texture": "#5"}
			}
		},
		{
			"name": "the words",
			"from": [6.5, 6.5, 9.3],
			"to": [9.5, 6.75, 9.55],
			"rotation": {"angle": 0, "axis": "y", "origin": [-0.25, -3, 2.3]},
			"faces": {
				"north": {"uv": [0, 0, 3, 0.25], "texture": "#5"},
				"east": {"uv": [0, 0, 0.25, 0.25], "texture": "#5"},
				"south": {"uv": [0, 0, 3, 0.25], "texture": "#5"},
				"west": {"uv": [0, 0, 0.25, 0.25], "texture": "#5"},
				"up": {"uv": [0, 0, 3, 0.25], "texture": "#5"},
				"down": {"uv": [0, 0, 3, 0.25], "texture": "#5"}
			}
		},
		{
			"name": "COke",
			"from": [9.5, 7.5, 6.5],
			"to": [9.75, 8.25, 9.5],
			"rotation": {"angle": 0, "axis": "y", "origin": [3.5, 8, 0.25]},
			"faces": {
				"north": {"uv": [0, 0, 0.25, 0.75], "texture": "#3"},
				"east": {"uv": [0, 0, 3, 0.75], "texture": "#3"},
				"south": {"uv": [0, 0, 0.25, 0.75], "texture": "#3"},
				"west": {"uv": [0, 0, 3, 0.75], "texture": "#3"},
				"up": {"uv": [0, 0, 0.25, 3], "texture": "#3"},
				"down": {"uv": [0, 0, 0.25, 3], "texture": "#3"}
			}
		},
		{
			"name": "COke",
			"from": [6.25, 7.55, 6.5],
			"to": [6.5, 8.3, 9.5],
			"rotation": {"angle": 0, "axis": "y", "origin": [12.5, 8.05, 15.75]},
			"faces": {
				"north": {"uv": [0, 0, 0.25, 0.75], "texture": "#3"},
				"east": {"uv": [0, 0, 3, 0.75], "texture": "#3"},
				"south": {"uv": [0, 0, 0.25, 0.75], "texture": "#3"},
				"west": {"uv": [0, 0, 3, 0.75], "texture": "#3"},
				"up": {"uv": [0, 0, 0.25, 3], "rotation": 180, "texture": "#3"},
				"down": {"uv": [0, 0, 0.25, 3], "rotation": 180, "texture": "#3"}
			}
		},
		{
			"name": "COke",
			"from": [6.5, 7.55, 9.35],
			"to": [9.5, 8.3, 9.6],
			"rotation": {"angle": 0, "axis": "y", "origin": [0.25, 8.05, 15.6]},
			"faces": {
				"north": {"uv": [0, 0, 3, 0.75], "texture": "#3"},
				"east": {"uv": [0, 0, 0.25, 0.75], "texture": "#3"},
				"south": {"uv": [0, 0, 3, 0.75], "texture": "#3"},
				"west": {"uv": [0, 0, 0.25, 0.75], "texture": "#3"},
				"up": {"uv": [0, 0, 0.25, 3], "rotation": 270, "texture": "#3"},
				"down": {"uv": [0, 0, 0.25, 3], "rotation": 90, "texture": "#3"}
			}
		},
		{
			"name": "COke",
			"from": [6.5, 7.5, 6.25],
			"to": [9.5, 8.25, 6.5],
			"rotation": {"angle": 0, "axis": "y", "origin": [0.25, 8, 12.5]},
			"faces": {
				"north": {"uv": [0, 0, 3, 0.75], "texture": "#3"},
				"east": {"uv": [0, 0, 0.25, 0.75], "texture": "#3"},
				"south": {"uv": [0, 0, 3, 0.75], "texture": "#3"},
				"west": {"uv": [0, 0, 0.25, 0.75], "texture": "#3"},
				"up": {"uv": [0, 0, 0.25, 3], "rotation": 270, "texture": "#3"},
				"down": {"uv": [0, 0, 0.25, 3], "rotation": 90, "texture": "#3"}
			}
		}
	],
	"display": {
		"fixed": {
			"translation": [0.25, 0.5, 0]
		}
	},
	"groups": [0, 1,
		{
			"name": "main sphere",
			"origin": [8, 9, 8],
			"children": []
		},
		{
			"name": "handle thing",
			"origin": [8, 8, 8],
			"children": [2, 3, 4, 5]
		}, 6, 7,
		{
			"name": "haha lol sucker",
			"origin": [8, 8, 8],
			"children": []
		}, 8, 9, 10, 11, 12, 13, 14, 15, 16, 17, 18, 19]
}