{
	"parent": "item/handheld",
	"textures": {
		"layer0": "item/iron_pickaxe"
	},
	"overrides": [
		{ "predicate": {"damaged": 1, "damage": 0}, "model": "item/iron_pickaxe"},	
		{ "predicate": {"damaged": 1, "damage": 0.004}, "model": "item/trolley"},
		{ "predicate": {"damaged": 1, "damage": 0.008}, "model": "item/baron"},
		{ "predicate": {"damaged": 1, "damage": 0.012}, "model": "item/cyan_hat"},
		{ "predicate": {"damaged": 1, "damage": 0.016}, "model": "item/mickey_hat"},
		{ "predicate": {"damaged": 1, "damage": 0.02}, "model": "item/minnie_hat"},
		{ "predicate": {"damaged": 1, "damage": 0.024}, "model": "item/red_hat"},
		{ "predicate": {"damaged": 1, "damage": 0.028}, "model": "item/purple_hat"},
		{ "predicate": {"damaged": 1, "damage": 0.032}, "model": "item/vehicles/MMRRfronttrain"},
		{ "predicate": {"damaged": 1, "damage": 0.036000000000000004}, "model": "item/vehicles/MMRRSeatModel"},
		{ "predicate": {"damaged": 1, "damage": 0.04}, "model": "item/vehicles/agv"},
		{ "predicate": {"damaged": 1, "damage": 0.044}, "model": "item/vehicles/ssl"},
		{ "predicate": {"damaged": 1, "damage": 0.048}, "model": "item/HTHSign"},
		{ "predicate": {"damaged": 1, "damage": 0.052000000000000005}, "model": "item/agv"},
		{ "predicate": {"damaged": 1, "damage": 0.056}, "model": "item/tv"},
		{ "predicate": {"damaged": 1, "damage": 0.06}, "model": "item/decorations/turnstile"},
		{ "predicate": {"damaged": 1, "damage": 0.064}, "model": "item/decorations/main_flag"},
		{ "predicate": {"damaged": 1, "damage": 0.068}, "model": "item/decorations/arthur_sign"},
		{ "predicate": {"damaged": 1, "damage": 0.07200000000000001}, "model": "item/decorations/snow_white_ride_sign"},
		{ "predicate": {"damaged": 1, "damage": 0.076}, "model": "item/decorations/peter_pan_flight_sign"},
		{ "predicate": {"damaged": 1, "damage": 0.08}, "model": "item/decorations/pinnochio_sign"},
		{ "predicate": {"damaged": 1, "damage": 0.084}, "model": "item/vehicles/dumbo/dumbo_ride_arm"},
		{ "predicate": {"damaged": 1, "damage": 0.088}, "model": "item/vehicles/dumbo/dumbo_blue_dl"},
		{ "predicate": {"damaged": 1, "damage": 0.092}, "model": "item/vehicles/dumbo/dumbo_dark_blue_dl"},
		{ "predicate": {"damaged": 1, "damage": 0.096}, "model": "item/vehicles/dumbo/dumbo_green_dl"},
		{ "predicate": {"damaged": 1, "damage": 0.1}, "model": "item/vehicles/dumbo/dumbo_orange_dl"},
		{ "predicate": {"damaged": 1, "damage": 0.10400000000000001}, "model": "item/vehicles/dumbo/dumbo_purple_dl"},
		{ "predicate": {"damaged": 1, "damage": 0.108}, "model": "item/vehicles/dumbo/dumbo_red_dl"},
		{ "predicate": {"damaged": 1, "damage": 0.112}, "model": "item/vehicles/dumbo/dumbo_yellow_dl"},
		{ "predicate": {"damaged": 1, "damage": 0.116}, "model": "item/vehicles/dumbo/dumbodl"},
		{ "predicate": {"damaged": 1, "damage": 0.12}, "model": "item/vehicles/matterhornblue"},
		{ "predicate": {"damaged": 1, "damage": 0.124}, "model": "item/decorations/sleeping_beauty_mural_1"},
		{ "predicate": {"damaged": 1, "damage": 0.128}, "model": "item/decorations/sleeping_beauty_mural_2"},
		{ "predicate": {"damaged": 1, "damage": 0.132}, "model": "item/decorations/ride_op_panel"},
		{ "predicate": {"damaged": 1, "damage": 0.136}, "model": "item/totpic"},
		{ "predicate": {"damaged": 1, "damage": 0.14}, "model": "item/tottvb"},
		{ "predicate": {"damaged": 1, "damage": 0.14400000000000002}, "model": "item/totpreshowframes/frame_static"},
		{ "predicate": {"damaged": 1, "damage": 0.148}, "model": "item/totpreshowframes/frame_1"},
		{ "predicate": {"damaged": 1, "damage": 0.152}, "model": "item/totpreshowframes/frame_2"},
		{ "predicate": {"damaged": 1, "damage": 0.156}, "model": "item/totpreshowframes/frame_3"},
		{ "predicate": {"damaged": 1, "damage": 0.16}, "model": "item/totpreshowframes/frame_4"},
		{ "predicate": {"damaged": 1, "damage": 0.164}, "model": "item/totpreshowframes/frame_5"},
		{ "predicate": {"damaged": 1, "damage": 0.168}, "model": "item/totpreshowframes/frame_6"},
		{ "predicate": {"damaged": 1, "damage": 0.17200000000000001}, "model": "item/totpreshowframes/frame_7"},
		{ "predicate": {"damaged": 1, "damage": 0.176}, "model": "item/totpreshowframes/frame_8"},
		{ "predicate": {"damaged": 1, "damage": 0.18}, "model": "item/totpreshowframes/frame_9"},
		{ "predicate": {"damaged": 1, "damage": 0.184}, "model": "item/totpreshowframes/frame_10"},
		{ "predicate": {"damaged": 1, "damage": 0.188}, "model": "item/totpreshowframes/frame_11"},
		{ "predicate": {"damaged": 1, "damage": 0.192}, "model": "item/totpreshowframes/frame_12"},
		{ "predicate": {"damaged": 1, "damage": 0.196}, "model": "item/totpreshowframes/frame_13"},
		{ "predicate": {"damaged": 1, "damage": 0.2}, "model": "item/totpreshowframes/frame_14"},
		{ "predicate": {"damaged": 1, "damage": 0.20400000000000001}, "model": "item/totpreshowframes/frame_15"},
		{ "predicate": {"damaged": 1, "damage": 0.20800000000000002}, "model": "item/totpreshowframes/frame_16"},
		{ "predicate": {"damaged": 1, "damage": 0.212}, "model": "item/totpreshowframes/frame_17"},
		{ "predicate": {"damaged": 1, "damage": 0.216}, "model": "item/totpreshowframes/frame_18"},
		{ "predicate": {"damaged": 1, "damage": 0.22}, "model": "item/totpreshowframes/frame_19"},
		{ "predicate": {"damaged": 1, "damage": 0.224}, "model": "item/totpreshowframes/frame_20"},
		{ "predicate": {"damaged": 1, "damage": 0.228}, "model": "item/totpreshowframes/frame_21"},
		{ "predicate": {"damaged": 1, "damage": 0.232}, "model": "item/totpreshowframes/frame_22"},
		{ "predicate": {"damaged": 1, "damage": 0.23600000000000002}, "model": "item/totpreshowframes/frame_23"},
		{ "predicate": {"damaged": 1, "damage": 0.24}, "model": "item/totpreshowframes/frame_24"},
		{ "predicate": {"damaged": 1, "damage": 0.244}, "model": "item/totpreshowframes/frame_blank"},
		{ "predicate": {"damaged": 1, "damage": 0.248}, "model": "item/decorations/sw_mural_book"},
		{ "predicate": {"damaged": 1, "damage": 0.252}, "model": "item/decorations/btm_sign"},
		{ "predicate": {"damaged": 1, "damage": 0.256}, "model": "item/decorations/fence2"},
		{ "predicate": {"damaged": 1, "damage": 0.26}, "model": "item/decorations/fence3"},
		{ "predicate": {"damaged": 1, "damage": 0.264}, "model": "item/decorations/sw_mural1"},
		{ "predicate": {"damaged": 1, "damage": 0.268}, "model": "item/decorations/sw_mural2"},
		{ "predicate": {"damaged": 1, "damage": 0.272}, "model": "item/decorations/snowdoor"},

		
		{ "predicate": {"damaged": 1, "damage": 0.996}, "model": "item/decorations/snowdoor1"}
	]
}
}