{
	"credit": "Made with Blockbench",
	"textures": {
		"6": "block_x/hardened_clay_stained_white",
		"7": "block_x/repeater_on",
		"8": "block_x/quartz_pillar_top",
		"9": "block_x/light_gray_terracotta",
		"particle": "block_x/hardened_clay_stained_white",
		"texture": "block_x/planks_big_oak",
		"texture1": "block_x/blast_furnace_top",
		"texture3": "custom/HTH",
		"texture4": "block_x/yellow_concrete",
		"texture5": "block_x/hardened_clay_stained_red"
	},
	"elements": [
		{
			"name": "Box1",
			"from": [-6.75, 3.25, -1.75],
			"to": [22.75, 4, 6.875],
			"faces": {
				"north": {"uv": [0, 12, 16, 12.75], "texture": "#texture"},
				"east": {"uv": [9.125, 12, 16, 12.75], "texture": "#texture"},
				"south": {"uv": [0, 12, 16, 12.75], "texture": "#texture"},
				"west": {"uv": [0, 12, 6.875, 12.75], "texture": "#texture"},
				"up": {"uv": [0, 0, 16, 6.875], "texture": "#texture"},
				"down": {"uv": [0, 9.125, 16, 16], "texture": "#texture"}
			}
		},
		{
			"name": "Box3",
			"from": [-6.75, 4, -1.75],
			"to": [-6, 22, 6.875],
			"faces": {
				"north": {"uv": [6, 0, 6.75, 12], "texture": "#texture"},
				"east": {"uv": [9.125, 0, 16, 12], "texture": "#texture"},
				"south": {"uv": [9.25, 0, 10, 12], "texture": "#texture"},
				"west": {"uv": [0, 0, 6.875, 12], "texture": "#texture"},
				"up": {"uv": [9.25, 0, 10, 6.875], "texture": "#texture"},
				"down": {"uv": [9.25, 9.125, 10, 16], "texture": "#texture"}
			}
		},
		{
			"name": "8",
			"from": [-6.75, 4, -1],
			"to": [22.5, 5.125, 0.125],
			"faces": {
				"north": {"uv": [0, 10.875, 16, 12], "texture": "#texture"},
				"east": {"uv": [15.875, 10.875, 16, 12], "texture": "#texture"},
				"south": {"uv": [0, 10.875, 16, 12], "texture": "#texture"},
				"west": {"uv": [0, 10.875, 0.125, 12], "texture": "#texture"},
				"up": {"uv": [0, 0, 16, 0.125], "texture": "#texture"},
				"down": {"uv": [0, 15.875, 16, 16], "texture": "#texture"}
			}
		},
		{
			"name": "7",
			"from": [-5.625, 5.125, -0.125],
			"to": [-0.75, 21.25, 0.625],
			"faces": {
				"north": {"uv": [0.75, 0, 5.625, 10.875], "texture": "#6"},
				"east": {"uv": [15.875, 0, 16, 10.875], "texture": "#6"},
				"south": {"uv": [10.375, 0, 15.25, 10.875], "texture": "#6"},
				"west": {"uv": [0, 0, 0.125, 10.875], "texture": "#6"},
				"up": {"uv": [10.375, 0, 15.25, 0.125], "texture": "#6"},
				"down": {"uv": [10.375, 15.875, 15.25, 16], "texture": "#6"}
			}
		},
		{
			"name": "9",
			"from": [-6, 4.75, -1],
			"to": [-5.25, 20.875, -0.25],
			"faces": {
				"north": {"uv": [5.25, 0, 6, 11.25], "texture": "#texture"},
				"east": {"uv": [0.25, 0, 1, 11.25], "texture": "#texture"},
				"south": {"uv": [10, 0, 10.75, 11.25], "texture": "#texture"},
				"west": {"uv": [15, 0, 15.75, 11.25], "texture": "#texture"},
				"up": {"uv": [10, 15, 10.75, 15.75], "texture": "#texture"},
				"down": {"uv": [10, 0.25, 10.75, 1], "texture": "#texture"}
			}
		},
		{
			"name": "5",
			"from": [21.25, 4.75, -1],
			"to": [22, 21.125, 0],
			"faces": {
				"north": {"uv": [5.25, 0, 6, 11.25], "texture": "#texture"},
				"east": {"uv": [0.25, 0, 1, 11.25], "texture": "#texture"},
				"south": {"uv": [10, 0, 10.75, 11.25], "texture": "#texture"},
				"west": {"uv": [15, 0, 15.75, 11.25], "texture": "#texture"},
				"up": {"uv": [10, 15, 10.75, 15.75], "texture": "#texture"},
				"down": {"uv": [10, 0.25, 10.75, 1], "texture": "#texture"}
			}
		},
		{
			"name": "2",
			"from": [-2.625, 4.75, -1],
			"to": [-1.875, 21.125, 0],
			"faces": {
				"north": {"uv": [1.875, 0, 2.625, 11.25], "texture": "#texture"},
				"east": {"uv": [0.25, 0, 1, 11.25], "texture": "#texture"},
				"south": {"uv": [13.375, 0, 14.125, 11.25], "texture": "#texture"},
				"west": {"uv": [15, 0, 15.75, 11.25], "texture": "#texture"},
				"up": {"uv": [13.375, 15, 14.125, 15.75], "texture": "#texture"},
				"down": {"uv": [13.375, 0.25, 14.125, 1], "texture": "#texture"}
			}
		},
		{
			"name": "0",
			"from": [-5.25, 10.75, -1],
			"to": [-2.625, 11.125, -0.25],
			"faces": {
				"north": {"uv": [2.625, 4.875, 5.25, 5.25], "texture": "#texture"},
				"east": {"uv": [0.25, 4.875, 1, 5.25], "texture": "#texture"},
				"south": {"uv": [10.75, 4.875, 13.375, 5.25], "texture": "#texture"},
				"west": {"uv": [15, 4.875, 15.75, 5.25], "texture": "#texture"},
				"up": {"uv": [10.75, 15, 13.375, 15.75], "texture": "#texture"},
				"down": {"uv": [10.75, 0.25, 13.375, 1], "texture": "#texture"}
			}
		},
		{
			"name": "4",
			"from": [-5.25, 16, -1],
			"to": [-2.625, 16.375, -0.25],
			"faces": {
				"north": {"uv": [2.625, 15.625, 5.25, 16], "texture": "#texture"},
				"east": {"uv": [0.25, 15.625, 1, 16], "texture": "#texture"},
				"south": {"uv": [10.75, 15.625, 13.375, 16], "texture": "#texture"},
				"west": {"uv": [15, 15.625, 15.75, 16], "texture": "#texture"},
				"up": {"uv": [10.75, 15, 13.375, 15.75], "texture": "#texture"},
				"down": {"uv": [10.75, 0.25, 13.375, 1], "texture": "#texture"}
			}
		},
		{
			"name": "6",
			"from": [-4.3125, 13.9375, -1],
			"to": [-3.5625, 14.6875, -0.25],
			"faces": {
				"north": {"uv": [3.5625, 1.3125, 4.3125, 2.0625], "texture": "#texture1"},
				"east": {"uv": [0.25, 1.3125, 1, 2.0625], "texture": "#texture1"},
				"south": {"uv": [11.6875, 1.3125, 12.4375, 2.0625], "texture": "#texture1"},
				"west": {"uv": [15, 1.3125, 15.75, 2.0625], "texture": "#texture1"},
				"up": {"uv": [11.6875, 15, 12.4375, 15.75], "texture": "#texture1"},
				"down": {"uv": [11.6875, 0.25, 12.4375, 1], "texture": "#texture1"}
			}
		},
		{
			"name": "this",
			"from": [-4.3125, 12.0625, -1],
			"to": [-3.5625, 12.8125, -0.25],
			"faces": {
				"north": {"uv": [3.5625, 3.1875, 4.3125, 3.9375], "texture": "#texture1"},
				"east": {"uv": [0.25, 3.1875, 1, 3.9375], "texture": "#texture1"},
				"south": {"uv": [11.6875, 3.1875, 12.4375, 3.9375], "texture": "#texture1"},
				"west": {"uv": [15, 3.1875, 15.75, 3.9375], "texture": "#texture1"},
				"up": {"uv": [11.6875, 15, 12.4375, 15.75], "texture": "#texture1"},
				"down": {"uv": [11.6875, 0.25, 12.4375, 1], "texture": "#texture1"}
			}
		},
		{
			"name": "is",
			"from": [7.25, 24, -1],
			"to": [8.375, 25.125, -0.25],
			"rotation": {"angle": 45, "axis": "z", "origin": [8, 8, 8]},
			"faces": {
				"north": {"uv": [4, 4, 12.125, 12.125], "texture": "#8"},
				"east": {"uv": [0.25, 11.875, 1, 13], "texture": "#8"},
				"south": {"uv": [11.5, 11.875, 12.625, 13], "texture": "#8"},
				"west": {"uv": [15, 11.875, 15.75, 13], "texture": "#8"},
				"up": {"uv": [11.5, 15, 12.625, 15.75], "texture": "#8"},
				"down": {"uv": [11.5, 0.25, 12.625, 1], "texture": "#8"}
			}
		},
		{
			"name": "herican",
			"from": [5.75, 22.625, -1],
			"to": [6.875, 23.75, -0.25],
			"rotation": {"angle": 45, "axis": "z", "origin": [8, 8, 8]},
			"faces": {
				"north": {"uv": [4, 4, 12, 12], "texture": "#8"},
				"east": {"uv": [0.25, 13.75, 1, 14.875], "texture": "#8"},
				"south": {"uv": [11.5, 13.75, 12.625, 14.875], "texture": "#8"},
				"west": {"uv": [15, 13.75, 15.75, 14.875], "texture": "#8"},
				"up": {"uv": [11.5, 15, 12.625, 15.75], "texture": "#8"},
				"down": {"uv": [11.5, 0.25, 12.625, 1], "texture": "#8"}
			}
		},
		{
			"name": "property",
			"from": [-6.75, 20.875, -1],
			"to": [22.625, 22, -0.25],
			"faces": {
				"north": {"uv": [0, 10, 16, 11.125], "texture": "#texture"},
				"east": {"uv": [0.25, 10, 1, 11.125], "texture": "#texture"},
				"south": {"uv": [0, 10, 16, 11.125], "texture": "#texture"},
				"west": {"uv": [15, 10, 15.75, 11.125], "texture": "#texture"},
				"up": {"uv": [0, 15, 16, 15.75], "texture": "#texture"},
				"down": {"uv": [0, 0.25, 16, 1], "texture": "#texture"}
			}
		},
		{
			"name": "box45",
			"from": [-6.75, 22, -1.75],
			"to": [22.75, 22.75, 6.875],
			"faces": {
				"north": {"uv": [0, 9.25, 16, 10], "texture": "#texture"},
				"east": {"uv": [9.125, 9.25, 16, 10], "texture": "#texture"},
				"south": {"uv": [0, 9.25, 16, 10], "texture": "#texture"},
				"west": {"uv": [0, 9.25, 6.875, 10], "texture": "#texture"},
				"up": {"uv": [0, 0, 16, 6.875], "texture": "#texture"},
				"down": {"uv": [0, 9.125, 16, 16], "texture": "#texture"}
			}
		},
		{
			"name": "box55",
			"from": [22, 4, -1.75],
			"to": [22.75, 22, 6.875],
			"faces": {
				"north": {"uv": [10.25, 0, 11, 12], "texture": "#texture"},
				"east": {"uv": [9.125, 0, 16, 12], "texture": "#texture"},
				"south": {"uv": [5, 0, 5.75, 12], "texture": "#texture"},
				"west": {"uv": [0, 0, 6.875, 12], "texture": "#texture"},
				"up": {"uv": [5, 0, 5.75, 6.875], "texture": "#texture"},
				"down": {"uv": [5, 9.125, 5.75, 16], "texture": "#texture"}
			}
		},
		{
			"name": "box 65",
			"from": [18.375, 10.75, -1],
			"to": [21.25, 11.125, -0.25],
			"faces": {
				"north": {"uv": [11, 4.875, 13.625, 5.25], "texture": "#texture"},
				"east": {"uv": [0.25, 4.875, 1, 5.25], "texture": "#texture"},
				"south": {"uv": [2.375, 4.875, 5, 5.25], "texture": "#texture"},
				"west": {"uv": [15, 4.875, 15.75, 5.25], "texture": "#texture"},
				"up": {"uv": [2.375, 15, 5, 15.75], "texture": "#texture"},
				"down": {"uv": [2.375, 0.25, 5, 1], "texture": "#texture"}
			}
		},
		{
			"name": "Box4",
			"from": [18.375, 15.625, -1],
			"to": [21.25, 16, -0.25],
			"faces": {
				"north": {"uv": [11, 0, 13.625, 0.375], "texture": "#texture"},
				"east": {"uv": [0.25, 0, 1, 0.375], "texture": "#texture"},
				"south": {"uv": [2.375, 0, 5, 0.375], "texture": "#texture"},
				"west": {"uv": [15, 0, 15.75, 0.375], "texture": "#texture"},
				"up": {"uv": [2.375, 15, 5, 15.75], "texture": "#texture"},
				"down": {"uv": [2.375, 0.25, 5, 1], "texture": "#texture"}
			}
		},
		{
			"name": "Box5",
			"from": [17.625, 4.75, -1],
			"to": [18.375, 21.125, 0],
			"faces": {
				"north": {"uv": [13.625, 0, 14.375, 11.25], "texture": "#texture"},
				"east": {"uv": [0.25, 0, 1, 11.25], "texture": "#texture"},
				"south": {"uv": [1.625, 0, 2.375, 11.25], "texture": "#texture"},
				"west": {"uv": [15, 0, 15.75, 11.25], "texture": "#texture"},
				"up": {"uv": [1.625, 15, 2.375, 15.75], "texture": "#texture"},
				"down": {"uv": [1.625, 0.25, 2.375, 1], "texture": "#texture"}
			}
		},
		{
			"name": "Box6",
			"from": [16.125, 5.125, -0.125],
			"to": [21, 21.25, 0.625],
			"rotation": {"angle": 0, "axis": "y", "origin": [8, 8, 8.5]},
			"faces": {
				"north": {"uv": [11, 0, 15.875, 10.875], "texture": "#6"},
				"east": {"uv": [15.875, 0, 16, 10.875], "texture": "#6"},
				"south": {"uv": [0.125, 0, 5, 10.875], "texture": "#6"},
				"west": {"uv": [0, 0, 0.125, 10.875], "texture": "#6"},
				"up": {"uv": [0.125, 0, 5, 0.125], "texture": "#6"},
				"down": {"uv": [0.125, 15.875, 5, 16], "texture": "#6"}
			}
		},
		{
			"name": "Box7",
			"from": [-0.75, 4.375, -0.125],
			"to": [16.125, 6.5, 0.625],
			"faces": {
				"north": {"uv": [0, 9, 16, 10.875], "texture": "#6"},
				"east": {"uv": [15.875, 9, 16, 10.875], "texture": "#6"},
				"south": {"uv": [0, 9, 16, 10.875], "texture": "#6"},
				"west": {"uv": [0, 9, 0.125, 10.875], "texture": "#6"},
				"up": {"uv": [0, 0, 16, 0.125], "texture": "#6"},
				"down": {"uv": [0, 15.875, 16, 16], "texture": "#6"}
			}
		},
		{
			"name": "Box8",
			"from": [-0.75, 20.125, -0.125],
			"to": [16.125, 21.125, 0.625],
			"faces": {
				"north": {"uv": [0, 11.125, 16, 11.875], "texture": "#6"},
				"east": {"uv": [15.875, 11.125, 16, 11.875], "texture": "#6"},
				"south": {"uv": [0, 11.125, 16, 11.875], "texture": "#6"},
				"west": {"uv": [0, 11.125, 0.125, 11.875], "texture": "#6"},
				"up": {"uv": [0, 0, 16, 0.125], "texture": "#6"},
				"down": {"uv": [0, 15.875, 16, 16], "texture": "#6"}
			}
		},
		{
			"name": "Box9",
			"from": [18.375, 11.875, -0.8125],
			"to": [21, 14.875, -0.7375],
			"faces": {
				"north": {"uv": [0, 0, 16, 16], "texture": "#texture3"},
				"east": {"uv": [0, 0, 1, 3], "texture": "#texture3"},
				"south": {"uv": [0, 0, 1, 3], "texture": "#texture3"},
				"west": {"uv": [0, 0, 1, 3], "texture": "#texture3"},
				"up": {"uv": [0, 0, 1, 3], "texture": "#texture3"},
				"down": {"uv": [0, 0, 1, 3], "texture": "#texture3"}
			}
		},
		{
			"name": "Box10",
			"from": [-1.25, 6.5, -0.125],
			"to": [2.375, 6.875, 0.625],
			"faces": {
				"north": {"uv": [13.375, 8.625, 16, 9], "texture": "#6"},
				"east": {"uv": [15.875, 8.625, 16, 9], "texture": "#6"},
				"south": {"uv": [0, 8.625, 2.625, 9], "texture": "#6"},
				"west": {"uv": [0, 8.625, 0.125, 9], "texture": "#6"},
				"up": {"uv": [0, 0, 2.625, 0.125], "texture": "#6"},
				"down": {"uv": [0, 15.875, 2.625, 16], "texture": "#6"}
			}
		},
		{
			"name": "Box11",
			"from": [-1, 6.875, -0.125],
			"to": [1.5, 7.25, 0.625],
			"faces": {
				"north": {"uv": [14.5, 8.25, 16, 8.625], "texture": "#6"},
				"east": {"uv": [15.875, 8.25, 16, 8.625], "texture": "#6"},
				"south": {"uv": [0, 8.25, 1.5, 8.625], "texture": "#6"},
				"west": {"uv": [0, 8.25, 0.125, 8.625], "texture": "#6"},
				"up": {"uv": [0, 0, 1.5, 0.125], "texture": "#6"},
				"down": {"uv": [0, 15.875, 1.5, 16], "texture": "#6"}
			}
		},
		{
			"name": "Box12",
			"from": [-1, 7.25, -0.125],
			"to": [0.75, 7.625, 0.625],
			"faces": {
				"north": {"uv": [15.25, 7.875, 16, 8.25], "texture": "#6"},
				"east": {"uv": [15.875, 7.875, 16, 8.25], "texture": "#6"},
				"south": {"uv": [0, 7.875, 0.75, 8.25], "texture": "#6"},
				"west": {"uv": [0, 7.875, 0.125, 8.25], "texture": "#6"},
				"up": {"uv": [0, 0, 0.75, 0.125], "texture": "#6"},
				"down": {"uv": [0, 15.875, 0.75, 16], "texture": "#6"}
			}
		},
		{
			"name": "Box13",
			"from": [-0.75, 7.625, -0.125],
			"to": [0.375, 8, 0.625],
			"faces": {
				"north": {"uv": [15.625, 7.5, 16, 7.875], "texture": "#6"},
				"east": {"uv": [15.875, 7.5, 16, 7.875], "texture": "#6"},
				"south": {"uv": [0, 7.5, 0.375, 7.875], "texture": "#6"},
				"west": {"uv": [0, 7.5, 0.125, 7.875], "texture": "#6"},
				"up": {"uv": [0, 0, 0.375, 0.125], "texture": "#6"},
				"down": {"uv": [0, 15.875, 0.375, 16], "texture": "#6"}
			}
		},
		{
			"name": "Box14",
			"from": [-0.75, 8, -0.125],
			"to": [0, 8.75, 0.625],
			"faces": {
				"north": {"uv": [0, 6.75, 0.75, 7.5], "texture": "#6"},
				"east": {"uv": [15.875, 6.75, 16, 7.5], "texture": "#6"},
				"south": {"uv": [15.25, 6.75, 16, 7.5], "texture": "#6"},
				"west": {"uv": [0, 6.75, 0.125, 7.5], "texture": "#6"},
				"up": {"uv": [15.25, 0, 16, 0.125], "texture": "#6"},
				"down": {"uv": [15.25, 15.875, 16, 16], "texture": "#6"}
			}
		},
		{
			"name": "Box15",
			"from": [-0.75, 8.75, -0.125],
			"to": [-0.375, 9.875, 0.625],
			"faces": {
				"north": {"uv": [0.375, 5.625, 0.75, 6.75], "texture": "#6"},
				"east": {"uv": [15.875, 5.625, 16, 6.75], "texture": "#6"},
				"south": {"uv": [15.25, 5.625, 15.625, 6.75], "texture": "#6"},
				"west": {"uv": [0, 5.625, 0.125, 6.75], "texture": "#6"},
				"up": {"uv": [15.25, 0, 15.625, 0.125], "texture": "#6"},
				"down": {"uv": [15.25, 15.875, 15.625, 16], "texture": "#6"}
			}
		},
		{
			"name": "Box16",
			"from": [12.75, 6.5, -0.125],
			"to": [16.125, 6.875, 0.625],
			"faces": {
				"north": {"uv": [0, 8.625, 3.25, 9], "texture": "#6"},
				"east": {"uv": [15.875, 8.625, 16, 9], "texture": "#6"},
				"south": {"uv": [12.75, 8.625, 16, 9], "texture": "#6"},
				"west": {"uv": [0, 8.625, 0.125, 9], "texture": "#6"},
				"up": {"uv": [12.75, 0, 16, 0.125], "texture": "#6"},
				"down": {"uv": [12.75, 15.875, 16, 16], "texture": "#6"}
			}
		},
		{
			"name": "Box17",
			"from": [13.875, 6.875, -0.125],
			"to": [16.125, 7.25, 0.625],
			"faces": {
				"north": {"uv": [0, 8.25, 2.125, 8.625], "texture": "#6"},
				"east": {"uv": [15.875, 8.25, 16, 8.625], "texture": "#6"},
				"south": {"uv": [13.875, 8.25, 16, 8.625], "texture": "#6"},
				"west": {"uv": [0, 8.25, 0.125, 8.625], "texture": "#6"},
				"up": {"uv": [13.875, 0, 16, 0.125], "texture": "#6"},
				"down": {"uv": [13.875, 15.875, 16, 16], "texture": "#6"}
			}
		},
		{
			"name": "Box18",
			"from": [14.625, 7.25, -0.125],
			"to": [16.125, 7.625, 0.625],
			"faces": {
				"north": {"uv": [0, 7.875, 1.375, 8.25], "texture": "#6"},
				"east": {"uv": [15.875, 7.875, 16, 8.25], "texture": "#6"},
				"south": {"uv": [14.625, 7.875, 16, 8.25], "texture": "#6"},
				"west": {"uv": [0, 7.875, 0.125, 8.25], "texture": "#6"},
				"up": {"uv": [14.625, 0, 16, 0.125], "texture": "#6"},
				"down": {"uv": [14.625, 15.875, 16, 16], "texture": "#6"}
			}
		},
		{
			"name": "Box19",
			"from": [15, 7.625, -0.125],
			"to": [16.125, 8, 0.625],
			"faces": {
				"north": {"uv": [0, 7.5, 1, 7.875], "texture": "#6"},
				"east": {"uv": [15.875, 7.5, 16, 7.875], "texture": "#6"},
				"south": {"uv": [15, 7.5, 16, 7.875], "texture": "#6"},
				"west": {"uv": [0, 7.5, 0.125, 7.875], "texture": "#6"},
				"up": {"uv": [15, 0, 16, 0.125], "texture": "#6"},
				"down": {"uv": [15, 15.875, 16, 16], "texture": "#6"}
			}
		},
		{
			"name": "Box20",
			"from": [15.375, 8, -0.125],
			"to": [16.125, 8.75, 0.625],
			"faces": {
				"north": {"uv": [0, 6.75, 0.625, 7.5], "texture": "#6"},
				"east": {"uv": [15.875, 6.75, 16, 7.5], "texture": "#6"},
				"south": {"uv": [15.375, 6.75, 16, 7.5], "texture": "#6"},
				"west": {"uv": [0, 6.75, 0.125, 7.5], "texture": "#6"},
				"up": {"uv": [15.375, 0, 16, 0.125], "texture": "#6"},
				"down": {"uv": [15.375, 15.875, 16, 16], "texture": "#6"}
			}
		},
		{
			"name": "Box21",
			"from": [15.75, 8.75, -0.125],
			"to": [16.125, 9.875, 0.625],
			"rotation": {"angle": 0, "axis": "y", "origin": [8, 8, 8.5]},
			"faces": {
				"north": {"uv": [0, 5.625, 0.25, 6.75], "texture": "#6"},
				"east": {"uv": [15.875, 5.625, 16, 6.75], "texture": "#6"},
				"south": {"uv": [15.75, 5.625, 16, 6.75], "texture": "#6"},
				"west": {"uv": [0, 5.625, 0.125, 6.75], "texture": "#6"},
				"up": {"uv": [15.75, 0, 16, 0.125], "texture": "#6"},
				"down": {"uv": [15.75, 15.875, 16, 16], "texture": "#6"}
			}
		},
		{
			"name": "Box22",
			"from": [15.75, 16.75, -0.125],
			"to": [16.125, 17.875, 0.625],
			"faces": {
				"north": {"uv": [0, 14.125, 0.25, 15.25], "texture": "#6"},
				"east": {"uv": [15.875, 14.125, 16, 15.25], "texture": "#6"},
				"south": {"uv": [15.75, 14.125, 16, 15.25], "texture": "#6"},
				"west": {"uv": [0, 14.125, 0.125, 15.25], "texture": "#6"},
				"up": {"uv": [15.75, 0, 16, 0.125], "texture": "#6"},
				"down": {"uv": [15.75, 15.875, 16, 16], "texture": "#6"}
			}
		},
		{
			"name": "Box23",
			"from": [12.75, 19.75, -0.125],
			"to": [16.125, 20.125, 0.625],
			"faces": {
				"north": {"uv": [0, 11.875, 3.25, 12.25], "texture": "#6"},
				"east": {"uv": [15.875, 11.875, 16, 12.25], "texture": "#6"},
				"south": {"uv": [12.75, 11.875, 16, 12.25], "texture": "#6"},
				"west": {"uv": [0, 11.875, 0.125, 12.25], "texture": "#6"},
				"up": {"uv": [12.75, 0, 16, 0.125], "texture": "#6"},
				"down": {"uv": [12.75, 15.875, 16, 16], "texture": "#6"}
			}
		},
		{
			"name": "Box24",
			"from": [-0.75, 19.75, -0.125],
			"to": [2.625, 20.125, 0.625],
			"faces": {
				"north": {"uv": [13.375, 11.875, 16, 12.25], "texture": "#6"},
				"east": {"uv": [15.875, 11.875, 16, 12.25], "texture": "#6"},
				"south": {"uv": [0, 11.875, 2.625, 12.25], "texture": "#6"},
				"west": {"uv": [0, 11.875, 0.125, 12.25], "texture": "#6"},
				"up": {"uv": [0, 0, 2.625, 0.125], "texture": "#6"},
				"down": {"uv": [0, 15.875, 2.625, 16], "texture": "#6"}
			}
		},
		{
			"name": "Box25",
			"from": [-0.75, 19.375, -0.125],
			"to": [1.5, 19.75, 0.625],
			"faces": {
				"north": {"uv": [14.5, 12.25, 16, 12.625], "texture": "#6"},
				"east": {"uv": [15.875, 12.25, 16, 12.625], "texture": "#6"},
				"south": {"uv": [0, 12.25, 1.5, 12.625], "texture": "#6"},
				"west": {"uv": [0, 12.25, 0.125, 12.625], "texture": "#6"},
				"up": {"uv": [0, 0, 1.5, 0.125], "texture": "#6"},
				"down": {"uv": [0, 15.875, 1.5, 16], "texture": "#6"}
			}
		},
		{
			"name": "Box26",
			"from": [13.875, 19.375, -0.125],
			"to": [16.125, 19.75, 0.625],
			"faces": {
				"north": {"uv": [0, 12.25, 2.125, 12.625], "texture": "#6"},
				"east": {"uv": [15.875, 12.25, 16, 12.625], "texture": "#6"},
				"south": {"uv": [13.875, 12.25, 16, 12.625], "texture": "#6"},
				"west": {"uv": [0, 12.25, 0.125, 12.625], "texture": "#6"},
				"up": {"uv": [13.875, 0, 16, 0.125], "texture": "#6"},
				"down": {"uv": [13.875, 15.875, 16, 16], "texture": "#6"}
			}
		},
		{
			"name": "Box27",
			"from": [-0.75, 19, -0.125],
			"to": [0.75, 19.375, 0.625],
			"faces": {
				"north": {"uv": [15.25, 12.625, 16, 13], "texture": "#6"},
				"east": {"uv": [15.875, 12.625, 16, 13], "texture": "#6"},
				"south": {"uv": [0, 12.625, 0.75, 13], "texture": "#6"},
				"west": {"uv": [0, 12.625, 0.125, 13], "texture": "#6"},
				"up": {"uv": [0, 0, 0.75, 0.125], "texture": "#6"},
				"down": {"uv": [0, 15.875, 0.75, 16], "texture": "#6"}
			}
		},
		{
			"name": "Box28",
			"from": [14.625, 19, -0.125],
			"to": [16.125, 19.375, 0.625],
			"faces": {
				"north": {"uv": [0, 12.625, 1.375, 13], "texture": "#6"},
				"east": {"uv": [15.875, 12.625, 16, 13], "texture": "#6"},
				"south": {"uv": [14.625, 12.625, 16, 13], "texture": "#6"},
				"west": {"uv": [0, 12.625, 0.125, 13], "texture": "#6"},
				"up": {"uv": [14.625, 0, 16, 0.125], "texture": "#6"},
				"down": {"uv": [14.625, 15.875, 16, 16], "texture": "#6"}
			}
		},
		{
			"name": "Box29",
			"from": [-0.75, 18.625, -0.125],
			"to": [0.375, 19, 0.625],
			"faces": {
				"north": {"uv": [15.625, 13, 16, 13.375], "texture": "#6"},
				"east": {"uv": [15.875, 13, 16, 13.375], "texture": "#6"},
				"south": {"uv": [0, 13, 0.375, 13.375], "texture": "#6"},
				"west": {"uv": [0, 13, 0.125, 13.375], "texture": "#6"},
				"up": {"uv": [0, 0, 0.375, 0.125], "texture": "#6"},
				"down": {"uv": [0, 15.875, 0.375, 16], "texture": "#6"}
			}
		},
		{
			"name": "Box30",
			"from": [15, 18.625, -0.125],
			"to": [16.125, 19, 0.625],
			"faces": {
				"north": {"uv": [0, 13, 1, 13.375], "texture": "#6"},
				"east": {"uv": [15.875, 13, 16, 13.375], "texture": "#6"},
				"south": {"uv": [15, 13, 16, 13.375], "texture": "#6"},
				"west": {"uv": [0, 13, 0.125, 13.375], "texture": "#6"},
				"up": {"uv": [15, 0, 16, 0.125], "texture": "#6"},
				"down": {"uv": [15, 15.875, 16, 16], "texture": "#6"}
			}
		},
		{
			"name": "Box31",
			"from": [-0.75, 17.875, -0.125],
			"to": [0, 18.625, 0.625],
			"faces": {
				"north": {"uv": [0, 13.375, 0.75, 14.125], "texture": "#6"},
				"east": {"uv": [15.875, 13.375, 16, 14.125], "texture": "#6"},
				"south": {"uv": [15.25, 13.375, 16, 14.125], "texture": "#6"},
				"west": {"uv": [0, 13.375, 0.125, 14.125], "texture": "#6"},
				"up": {"uv": [15.25, 0, 16, 0.125], "texture": "#6"},
				"down": {"uv": [15.25, 15.875, 16, 16], "texture": "#6"}
			}
		},
		{
			"name": "Box32",
			"from": [15.375, 17.875, -0.125],
			"to": [16.125, 18.625, 0.625],
			"faces": {
				"north": {"uv": [0, 13.375, 0.625, 14.125], "texture": "#6"},
				"east": {"uv": [15.875, 13.375, 16, 14.125], "texture": "#6"},
				"south": {"uv": [15.375, 13.375, 16, 14.125], "texture": "#6"},
				"west": {"uv": [0, 13.375, 0.125, 14.125], "texture": "#6"},
				"up": {"uv": [15.375, 0, 16, 0.125], "texture": "#6"},
				"down": {"uv": [15.375, 15.875, 16, 16], "texture": "#6"}
			}
		},
		{
			"name": "Box33",
			"from": [-0.75, 16.75, -0.125],
			"to": [-0.375, 17.875, 0.625],
			"faces": {
				"north": {"uv": [0.375, 14.125, 0.75, 15.25], "texture": "#6"},
				"east": {"uv": [15.875, 14.125, 16, 15.25], "texture": "#6"},
				"south": {"uv": [15.25, 14.125, 15.625, 15.25], "texture": "#6"},
				"west": {"uv": [0, 14.125, 0.125, 15.25], "texture": "#6"},
				"up": {"uv": [15.25, 0, 15.625, 0.125], "texture": "#6"},
				"down": {"uv": [15.25, 15.875, 15.625, 16], "texture": "#6"}
			}
		},
		{
			"name": "Box34",
			"from": [-6, 4, 6.125],
			"to": [21, 22, 6.875],
			"faces": {
				"north": {"uv": [0, 0, 16, 12], "texture": "#texture"},
				"east": {"uv": [9.125, 0, 9.875, 12], "texture": "#texture"},
				"south": {"uv": [0, 0, 16, 12], "texture": "#texture"},
				"west": {"uv": [6.125, 0, 6.875, 12], "texture": "#texture"},
				"up": {"uv": [0, 6.125, 16, 6.875], "texture": "#texture"},
				"down": {"uv": [0, 9.125, 16, 9.875], "texture": "#texture"}
			}
		},
		{
			"name": "Box2",
			"from": [-6, 4, 2.375],
			"to": [21, 22, 3.125],
			"faces": {
				"north": {"uv": [0, 0, 16, 16], "texture": "#texture4"},
				"east": {"uv": [12.875, 0, 13.625, 12], "texture": "#texture4"},
				"south": {"uv": [0, 0, 16, 12], "texture": "#texture4"},
				"west": {"uv": [2.375, 0, 3.125, 12], "texture": "#texture4"},
				"up": {"uv": [0, 2.375, 16, 3.125], "texture": "#texture4"},
				"down": {"uv": [0, 12.875, 16, 13.625], "texture": "#texture4"}
			}
		},
		{
			"name": "Box35",
			"from": [-15.25, 3.375, 0],
			"to": [-5.25, 22.375, 4],
			"faces": {
				"north": {"uv": [9.5, 0, 16, 15.875], "texture": "#texture5"},
				"east": {"uv": [12, 0, 16, 12.625], "texture": "#texture5"},
				"south": {"uv": [0.75, 0, 10.75, 12.625], "texture": "#texture5"},
				"west": {"uv": [0, 0, 4, 12.625], "texture": "#texture5"},
				"up": {"uv": [0.75, 0, 10.75, 4], "texture": "#texture5"},
				"down": {"uv": [0.75, 12, 10.75, 16], "texture": "#texture5"}
			}
		},
		{
			"name": "Box36",
			"from": [-15.25, 22.375, 0],
			"to": [31.25, 29.875, 4],
			"faces": {
				"north": {"uv": [0, 0.125, 16, 4.875], "texture": "#texture5"},
				"east": {"uv": [12, 2.125, 16, 9.625], "texture": "#texture5"},
				"south": {"uv": [0, 2.125, 16, 9.625], "texture": "#texture5"},
				"west": {"uv": [0, 2.125, 4, 9.625], "texture": "#texture5"},
				"up": {"uv": [0, 0, 16, 4], "texture": "#texture5"},
				"down": {"uv": [0, 12, 16, 16], "texture": "#texture5"}
			}
		},
		{
			"name": "Box37",
			"from": [21.75, 3.375, 0],
			"to": [31.25, 22.375, 4],
			"faces": {
				"north": {"uv": [0, 0, 7.25, 15.875], "texture": "#texture5"},
				"east": {"uv": [12, 0, 16, 12.625], "texture": "#texture5"},
				"south": {"uv": [5.75, 0, 15.25, 12.625], "texture": "#texture5"},
				"west": {"uv": [0, 0, 4, 12.625], "texture": "#texture5"},
				"up": {"uv": [5.75, 0, 15.25, 4], "texture": "#texture5"},
				"down": {"uv": [5.75, 12, 15.25, 16], "texture": "#texture5"}
			}
		},
		{
			"name": "Box38",
			"from": [-15.25, -2.625, 0],
			"to": [31.25, 3.375, 4],
			"faces": {
				"north": {"uv": [0, 10.875, 16, 16], "texture": "#texture5"},
				"east": {"uv": [12, 12.625, 16, 16], "texture": "#texture5"},
				"south": {"uv": [0, 12.625, 16, 16], "texture": "#texture5"},
				"west": {"uv": [0, 12.625, 4, 16], "texture": "#texture5"},
				"up": {"uv": [0, 0, 16, 4], "texture": "#texture5"},
				"down": {"uv": [0, 12, 16, 16], "texture": "#texture5"}
			}
		},
		{
			"name": "thecube",
			"from": [-6, 5, -0.75],
			"to": [-2, 11, 0.25],
			"faces": {
				"north": {"uv": [4, 6, 6, 12], "texture": "#7"},
				"east": {"uv": [0, 0, 1, 1], "texture": "#7"},
				"south": {"uv": [0, 0, 4, 1], "texture": "#7"},
				"west": {"uv": [0, 0, 1, 1], "texture": "#7"},
				"up": {"uv": [0, 0, 4, 1], "texture": "#7"},
				"down": {"uv": [0, 0, 4, 1], "texture": "#7"}
			}
		},
		{
			"from": [18, 5, -0.75],
			"to": [22.25, 21, -0.5],
			"faces": {
				"north": {"uv": [0, 0, 4.25, 16], "texture": "#9"},
				"east": {"uv": [0, 0, 0.25, 16], "texture": "#9"},
				"south": {"uv": [0, 0, 4.25, 16], "texture": "#9"},
				"west": {"uv": [0, 0, 0.25, 16], "texture": "#9"},
				"up": {"uv": [0, 0, 4.25, 0.25], "texture": "#9"},
				"down": {"uv": [0, 0, 4.25, 0.25], "texture": "#9"}
			}
		},
		{
			"from": [-6, 11, -0.75],
			"to": [-2, 21, -0.5],
			"faces": {
				"north": {"uv": [0, 0, 1, 1], "texture": "#9"},
				"east": {"uv": [0, 0, 0.5, 1], "texture": "#9"},
				"south": {"uv": [0, 0, 1, 1], "texture": "#9"},
				"west": {"uv": [0, 0, 0.5, 1], "texture": "#9"},
				"up": {"uv": [0, 0, 16, 15.5], "texture": "#9"},
				"down": {"uv": [0, 0, 1, 0.5], "texture": "#9"}
			}
		}
	],
	"display": {
		"thirdperson_righthand": {
			"rotation": [92, 0, 0],
			"translation": [0, 1, 0],
			"scale": [0.3, 0.3, 0.3]
		},
		"thirdperson_lefthand": {
			"rotation": [92, 0, 0],
			"translation": [0, 1, 0],
			"scale": [0.3, 0.3, 0.3]
		},
		"gui": {
			"rotation": [9, -164, 0],
			"translation": [-0.3, -2, 0],
			"scale": [0.35, 0.35, 0.35]
		},
		"head": {
			"translation": [0, -22, 5],
			"scale": [1.05, 1.05, 1.04]
		}
	}
}